[23:46:58.375] [personal-agents-facts] INFO  Server listening at https://127.0.0.1:8462

[23:46:58.392] [personal-agents-facts] INFO  Server listening at https://172.18.0.2:8462

[23:46:58.393] [personal-agents-facts] INFO  Agent facts server started (nanda-0.0.0-facts)

[23:46:58.498] [government-facts] INFO  Server listening at https://127.0.0.1:8461

[23:46:58.510] [government-facts] INFO  Server listening at https://172.18.0.3:8461

[23:46:58.511] [government-facts] INFO  Agent facts server started (nanda-0.0.0-facts)

[23:46:58.559] [lean-index] INFO  Server listening at https://127.0.0.1:8460

[23:46:58.562] [lean-index] INFO  Server listening at https://172.18.0.4:8460

[23:46:58.563] [lean-index] INFO  Lean index server started (nanda-0.0.0-index)

[23:46:58.646] [vendor-facts] INFO  Server listening at https://127.0.0.1:8463

[23:46:58.651] [vendor-facts] INFO  Server listening at https://172.18.0.5:8463

[23:46:58.652] [vendor-facts] INFO  Agent facts server started (nanda-0.0.0-facts)

[23:47:08.407] [gov-business-licensing] INFO  Server listening at https://127.0.0.1:8465

[23:47:08.815] [gov-local-support] INFO  Server listening at https://127.0.0.1:8464

[23:47:08.421] [gov-business-licensing] INFO  Server listening at https://172.18.0.6:8465

[23:47:08.422] [gov-business-licensing] INFO  gov-business-licensing started
  did: did:web:gov-business-licensing%3A8465
  publicKey: pkH7qYD0PbN7dJt332m400SA4DTHgFaTjhqBu0k1N5c

[23:47:08.648] [gov-business-licensing] OUT/REQ → government-facts:8461  POST /facts
  body: {"@context":["https://www.w3.org/ns/credentials/v2"],"type":["VerifiableCredential"],"issuer":"did:web:gov-business-licensing%3A8465","validFrom":"2026-06-23T23:47:08.422Z","credentialSubject":{"@context":["https://www.w3.org/ns/did/v1"],"id":"did:web:gov-business-licensing%3A8465","agentName":"urn:agent:nanda-prototype:gov-business-licensing","label":"Government Business Licensing Office","description":"Issues business registrations, provisional and final restaurant licenses.","version":"nanda-0.0.0-agent","provider":{"name":"City Government","url":"https://gov-business-licensing:8465"},"endpoints":{"static":["https://gov-business-licensing:8465"]},"capabilities":{"modalities":["text"]},"certification":{"level":"self-attested","issuer":"did:web:gov-business-licensing%3A8465","issuanceDate":"2026-06-23T23:47:04.099Z","expirationDate":"2027-06-23T23:47:04.099Z","statusListUrl":"https://gov-business-licensing:8465/status"}},"proof":{"type":"DataIntegrityProof","cryptosuite":"eddsa-jcs-2022","created":"2026-06-23T23:47:08.648Z","verificationMethod":"did:web:gov-business-licensing%3A8465#key-1","proofPurpose":"assertionMethod","proofValue":"4kvLHvZ60NKQs4QhmpgEAJEIoKuB3j0V5-V1VPMczLsk7H2ALHO9jpdysEM2QigXVupAYR53ZAi9jkihc-UOAg"}}

[gov-business-licensing] (node:1) [UNDICI-H2] Warning: H2 support is experimental, expect them to change at any time.
[gov-business-licensing] (Use `node --trace-warnings ...` to show where the warning was created)
[23:47:09.371] [government-facts] IN/REQ ← gov-business-licensing [req-1]  POST /facts
  body: {"@context":["https://www.w3.org/ns/credentials/v2"],"type":["VerifiableCredential"],"issuer":"did:web:gov-business-licensing%3A8465","validFrom":"2026-06-23T23:47:08.422Z","credentialSubject":{"@context":["https://www.w3.org/ns/did/v1"],"id":"did:web:gov-business-licensing%3A8465","agentName":"urn:agent:nanda-prototype:gov-business-licensing","label":"Government Business Licensing Office","description":"Issues business registrations, provisional and final restaurant licenses.","version":"nanda-0.0.0-agent","provider":{"name":"City Government","url":"https://gov-business-licensing:8465"},"endpoints":{"static":["https://gov-business-licensing:8465"]},"capabilities":{"modalities":["text"]},"certification":{"level":"self-attested","issuer":"did:web:gov-business-licensing%3A8465","issuanceDate":"2026-06-23T23:47:04.099Z","expirationDate":"2027-06-23T23:47:04.099Z","statusListUrl":"https://gov-business-licensing:8465/status"}},"proof":{"type":"DataIntegrityProof","cryptosuite":"eddsa-jcs-2022","created":"2026-06-23T23:47:08.648Z","verificationMethod":"did:web:gov-business-licensing%3A8465#key-1","proofPurpose":"assertionMethod","proofValue":"4kvLHvZ60NKQs4QhmpgEAJEIoKuB3j0V5-V1VPMczLsk7H2ALHO9jpdysEM2QigXVupAYR53ZAi9jkihc-UOAg"}}

[23:47:08.952] [gov-local-support] INFO  Server listening at https://172.18.0.7:8464

[23:47:08.953] [gov-local-support] INFO  gov-local-support started
  did: did:web:gov-local-support%3A8464
  publicKey: mmHDdZEzN62BhitwMDDos8ynE_uf9Tfwtoy2X30GNlU

[23:47:09.228] [gov-local-support] OUT/REQ → government-facts:8461  POST /facts
  body: {"@context":["https://www.w3.org/ns/credentials/v2"],"type":["VerifiableCredential"],"issuer":"did:web:gov-local-support%3A8464","validFrom":"2026-06-23T23:47:08.953Z","credentialSubject":{"@context":["https://www.w3.org/ns/did/v1"],"id":"did:web:gov-local-support%3A8464","agentName":"urn:agent:nanda-prototype:gov-local-support","label":"Government Local Business Support","description":"Advises citizens on starting a food truck business and provides contacts for required agencies.","version":"nanda-0.0.0-agent","provider":{"name":"City Government","url":"https://gov-local-support:8464"},"endpoints":{"static":["https://gov-local-support:8464"]},"capabilities":{"modalities":["text"]},"certification":{"level":"self-attested","issuer":"did:web:gov-local-support%3A8464","issuanceDate":"2026-06-23T23:47:04.726Z","expirationDate":"2027-06-23T23:47:04.726Z","statusListUrl":"https://gov-local-support:8464/status"}},"proof":{"type":"DataIntegrityProof","cryptosuite":"eddsa-jcs-2022","created":"2026-06-23T23:47:09.227Z","verificationMethod":"did:web:gov-local-support%3A8464#key-1","proofPurpose":"assertionMethod","proofValue":"TUbAZWU6_aSdyZv3N7PYq2SHnsqxdhvxRq_3kDak1rZTrm6veJV4hNPD2SW2H5zQSc95hLkEegt4CdT8989BDg"}}

[23:47:09.569] [gov-health-dept] INFO  Server listening at https://127.0.0.1:8466

[23:47:09.407] [government-facts] OUT/REQ → gov-business-licensing:8465  GET /.well-known/did.json

[government-facts] (node:1) [UNDICI-H2] Warning: H2 support is experimental, expect them to change at any time.
[government-facts] (Use `node --trace-warnings ...` to show where the warning was created)
[gov-local-support] (node:1) [UNDICI-H2] Warning: H2 support is experimental, expect them to change at any time.
[gov-local-support] (Use `node --trace-warnings ...` to show where the warning was created)
[23:47:09.825] [government-facts] IN/REQ ← gov-local-support [req-2]  POST /facts
  body: {"@context":["https://www.w3.org/ns/credentials/v2"],"type":["VerifiableCredential"],"issuer":"did:web:gov-local-support%3A8464","validFrom":"2026-06-23T23:47:08.953Z","credentialSubject":{"@context":["https://www.w3.org/ns/did/v1"],"id":"did:web:gov-local-support%3A8464","agentName":"urn:agent:nanda-prototype:gov-local-support","label":"Government Local Business Support","description":"Advises citizens on starting a food truck business and provides contacts for required agencies.","version":"nanda-0.0.0-agent","provider":{"name":"City Government","url":"https://gov-local-support:8464"},"endpoints":{"static":["https://gov-local-support:8464"]},"capabilities":{"modalities":["text"]},"certification":{"level":"self-attested","issuer":"did:web:gov-local-support%3A8464","issuanceDate":"2026-06-23T23:47:04.726Z","expirationDate":"2027-06-23T23:47:04.726Z","statusListUrl":"https://gov-local-support:8464/status"}},"proof":{"type":"DataIntegrityProof","cryptosuite":"eddsa-jcs-2022","created":"2026-06-23T23:47:09.227Z","verificationMethod":"did:web:gov-local-support%3A8464#key-1","proofPurpose":"assertionMethod","proofValue":"TUbAZWU6_aSdyZv3N7PYq2SHnsqxdhvxRq_3kDak1rZTrm6veJV4hNPD2SW2H5zQSc95hLkEegt4CdT8989BDg"}}

[23:47:09.813] [food-truck-vendor] INFO  Server listening at https://127.0.0.1:8468

[23:47:09.833] [gov-business-licensing] IN/REQ ← government-facts [req-1]  GET /.well-known/did.json

[23:47:09.839] [government-facts] OUT/REQ → gov-local-support:8464  GET /.well-known/did.json

[23:47:09.835] [gov-parking-dept] INFO  Server listening at https://127.0.0.1:8467

[23:47:09.861] [gov-business-licensing] IN/REPLY → government-facts [req-1]  200  GET /.well-known/did.json
  body: {"@context":["https://www.w3.org/ns/did/v1"],"id":"did:web:gov-business-licensing%3A8465","verificationMethod":[{"id":"did:web:gov-business-licensing%3A8465#key-1","type":"Ed25519VerificationKey2020","controller":"did:web:gov-business-licensing%3A8465","publicKeyMultibase":"upkH7qYD0PbN7dJt332m400SA4DTHgFaTjhqBu0k1N5c"}],"assertionMethod":["did:web:gov-business-licensing%3A8465#key-1"]}

[23:47:09.942] [government-facts] OUT/REPLY ← gov-business-licensing:8465  200  GET /.well-known/did.json
  body: {"@context":["https://www.w3.org/ns/did/v1"],"id":"did:web:gov-business-licensing%3A8465","verificationMethod":[{"id":"did:web:gov-business-licensing%3A8465#key-1","type":"Ed25519VerificationKey2020","controller":"did:web:gov-business-licensing%3A8465","publicKeyMultibase":"upkH7qYD0PbN7dJt332m400SA4DTHgFaTjhqBu0k1N5c"}],"assertionMethod":["did:web:gov-business-licensing%3A8465#key-1"]}

[23:47:09.572] [gov-health-dept] INFO  Server listening at https://172.18.0.8:8466

[23:47:09.573] [gov-health-dept] INFO  gov-health-dept started
  did: did:web:gov-health-dept%3A8466
  publicKey: 73WjgOr-WUZ0U1rsDTmWUfsuHD_cHdr5bDZkeWJlYfU

[23:47:09.770] [gov-health-dept] OUT/REQ → government-facts:8461  POST /facts
  body: {"@context":["https://www.w3.org/ns/credentials/v2"],"type":["VerifiableCredential"],"issuer":"did:web:gov-health-dept%3A8466","validFrom":"2026-06-23T23:47:09.573Z","credentialSubject":{"@context":["https://www.w3.org/ns/did/v1"],"id":"did:web:gov-health-dept%3A8466","agentName":"urn:agent:nanda-prototype:gov-health-dept","label":"Government Health Department","description":"Conducts food truck health inspections and issues signed approval credentials.","version":"nanda-0.0.0-agent","provider":{"name":"City Government","url":"https://gov-health-dept:8466"},"endpoints":{"static":["https://gov-health-dept:8466"]},"capabilities":{"modalities":["text"]},"certification":{"level":"self-attested","issuer":"did:web:gov-health-dept%3A8466","issuanceDate":"2026-06-23T23:47:05.966Z","expirationDate":"2027-06-23T23:47:05.966Z","statusListUrl":"https://gov-health-dept:8466/status"}},"proof":{"type":"DataIntegrityProof","cryptosuite":"eddsa-jcs-2022","created":"2026-06-23T23:47:09.769Z","verificationMethod":"did:web:gov-health-dept%3A8466#key-1","proofPurpose":"assertionMethod","proofValue":"xBLCUwQ9DvuXTvQOU9nfA8wMrMqVyZwvqmrCWgLpG85Kskv_k7oAnNZR2F1vuFlIFTON9QqKBCTP2geOOqIWCQ"}}

[23:47:09.826] [food-truck-vendor] INFO  Server listening at https://172.18.0.10:8468

[23:47:09.826] [food-truck-vendor] INFO  food-truck-vendor started
  did: did:web:food-truck-vendor%3A8468
  publicKey: g7Zd8i1eadha2Rq5ebuiK3ZBgscIt1NbkZK0-H9p1tw

[23:47:10.032] [food-truck-vendor] OUT/REQ → vendor-facts:8463  POST /facts
  body: {"@context":["https://www.w3.org/ns/credentials/v2"],"type":["VerifiableCredential"],"issuer":"did:web:food-truck-vendor%3A8468","validFrom":"2026-06-23T23:47:09.827Z","credentialSubject":{"@context":["https://www.w3.org/ns/did/v1"],"id":"did:web:food-truck-vendor%3A8468","agentName":"urn:agent:nanda-prototype:food-truck-vendor","label":"Food Truck Vendor","description":"Rents food trucks to registered businesses.","version":"nanda-0.0.0-agent","provider":{"name":"NANDA Food Trucks LLC","url":"https://food-truck-vendor:8468"},"endpoints":{"static":["https://food-truck-vendor:8468"]},"capabilities":{"modalities":["text"]},"certification":{"level":"self-attested","issuer":"did:web:food-truck-vendor%3A8468","issuanceDate":"2026-06-23T23:47:06.534Z","expirationDate":"2027-06-23T23:47:06.534Z","statusListUrl":"https://food-truck-vendor:8468/status"}},"proof":{"type":"DataIntegrityProof","cryptosuite":"eddsa-jcs-2022","created":"2026-06-23T23:47:10.032Z","verificationMethod":"did:web:food-truck-vendor%3A8468#key-1","proofPurpose":"assertionMethod","proofValue":"W4QqNgJLDULbIOEHkzTRXHJWKT8IngK7WBTdqMtBu7eUmpKOvs3AX6vkR6PYGvLp9YSPq0phqvkqAgMKcEZ4Dw"}}

[23:47:09.852] [gov-parking-dept] INFO  Server listening at https://172.18.0.9:8467

[23:47:09.853] [gov-parking-dept] INFO  gov-parking-dept started
  did: did:web:gov-parking-dept%3A8467
  publicKey: NFl5k1bwjPM0oegGmknwEzwJ-2F2q72L-9yC_Hgg1pY

[23:47:10.024] [gov-parking-dept] OUT/REQ → government-facts:8461  POST /facts
  body: {"@context":["https://www.w3.org/ns/credentials/v2"],"type":["VerifiableCredential"],"issuer":"did:web:gov-parking-dept%3A8467","validFrom":"2026-06-23T23:47:09.854Z","credentialSubject":{"@context":["https://www.w3.org/ns/did/v1"],"id":"did:web:gov-parking-dept%3A8467","agentName":"urn:agent:nanda-prototype:gov-parking-dept","label":"Government Parking Department","description":"Issues street vending permits for licensed food truck operators.","version":"nanda-0.0.0-agent","provider":{"name":"City Government","url":"https://gov-parking-dept:8467"},"endpoints":{"static":["https://gov-parking-dept:8467"]},"capabilities":{"modalities":["text"]},"certification":{"level":"self-attested","issuer":"did:web:gov-parking-dept%3A8467","issuanceDate":"2026-06-23T23:47:06.386Z","expirationDate":"2027-06-23T23:47:06.386Z","statusListUrl":"https://gov-parking-dept:8467/status"}},"proof":{"type":"DataIntegrityProof","cryptosuite":"eddsa-jcs-2022","created":"2026-06-23T23:47:10.024Z","verificationMethod":"did:web:gov-parking-dept%3A8467#key-1","proofPurpose":"assertionMethod","proofValue":"cWR4oG0uUOAGaJv_HT7e-9xBp8VXhJHAOFX7Wriaw8j4438onxJP_da0ZzU9hGh4roIdFTzqKc18PrztLHgIBw"}}

[food-truck-vendor] (node:1) [UNDICI-H2] Warning: H2 support is experimental, expect them to change at any time.
[food-truck-vendor] (Use `node --trace-warnings ...` to show where the warning was created)
[23:47:10.519] [government-facts] IN/REPLY → gov-business-licensing [req-1]  201  POST /facts

[23:47:10.518] [gov-local-support] IN/REQ ← government-facts [req-1]  GET /.well-known/did.json

[23:47:10.568] [vendor-facts] IN/REQ ← food-truck-vendor [req-1]  POST /facts
  body: {"@context":["https://www.w3.org/ns/credentials/v2"],"type":["VerifiableCredential"],"issuer":"did:web:food-truck-vendor%3A8468","validFrom":"2026-06-23T23:47:09.827Z","credentialSubject":{"@context":["https://www.w3.org/ns/did/v1"],"id":"did:web:food-truck-vendor%3A8468","agentName":"urn:agent:nanda-prototype:food-truck-vendor","label":"Food Truck Vendor","description":"Rents food trucks to registered businesses.","version":"nanda-0.0.0-agent","provider":{"name":"NANDA Food Trucks LLC","url":"https://food-truck-vendor:8468"},"endpoints":{"static":["https://food-truck-vendor:8468"]},"capabilities":{"modalities":["text"]},"certification":{"level":"self-attested","issuer":"did:web:food-truck-vendor%3A8468","issuanceDate":"2026-06-23T23:47:06.534Z","expirationDate":"2027-06-23T23:47:06.534Z","statusListUrl":"https://food-truck-vendor:8468/status"}},"proof":{"type":"DataIntegrityProof","cryptosuite":"eddsa-jcs-2022","created":"2026-06-23T23:47:10.032Z","verificationMethod":"did:web:food-truck-vendor%3A8468#key-1","proofPurpose":"assertionMethod","proofValue":"W4QqNgJLDULbIOEHkzTRXHJWKT8IngK7WBTdqMtBu7eUmpKOvs3AX6vkR6PYGvLp9YSPq0phqvkqAgMKcEZ4Dw"}}

[23:47:10.537] [gov-local-support] IN/REPLY → government-facts [req-1]  200  GET /.well-known/did.json
  body: {"@context":["https://www.w3.org/ns/did/v1"],"id":"did:web:gov-local-support%3A8464","verificationMethod":[{"id":"did:web:gov-local-support%3A8464#key-1","type":"Ed25519VerificationKey2020","controller":"did:web:gov-local-support%3A8464","publicKeyMultibase":"ummHDdZEzN62BhitwMDDos8ynE_uf9Tfwtoy2X30GNlU"}],"assertionMethod":["did:web:gov-local-support%3A8464#key-1"]}

[23:47:10.611] [gov-business-licensing] OUT/REPLY ← government-facts:8461  201  POST /facts
  body: {"message":""}

[23:47:10.597] [government-facts] OUT/REPLY ← gov-local-support:8464  200  GET /.well-known/did.json
  body: {"@context":["https://www.w3.org/ns/did/v1"],"id":"did:web:gov-local-support%3A8464","verificationMethod":[{"id":"did:web:gov-local-support%3A8464#key-1","type":"Ed25519VerificationKey2020","controller":"did:web:gov-local-support%3A8464","publicKeyMultibase":"ummHDdZEzN62BhitwMDDos8ynE_uf9Tfwtoy2X30GNlU"}],"assertionMethod":["did:web:gov-local-support%3A8464#key-1"]}

[gov-health-dept] (node:1) [UNDICI-H2] Warning: H2 support is experimental, expect them to change at any time.
[gov-health-dept] (Use `node --trace-warnings ...` to show where the warning was created)
[gov-parking-dept] (node:1) [UNDICI-H2] Warning: H2 support is experimental, expect them to change at any time.
[gov-parking-dept] (Use `node --trace-warnings ...` to show where the warning was created)
[23:47:10.679] [gov-business-licensing] OUT/REQ → lean-index:8460  POST /agents
  body: {"agentId":"did:web:gov-business-licensing%3A8465","agentName":"urn:agent:nanda-prototype:gov-business-licensing","primaryFactsUrl":"https://government-facts:8461/facts/did%3Aweb%3Agov-business-licensing%253A8465","ttl":3600,"signature":"Z4WP_0q8BkssBf9uMqwANT_pMO8MIF_aN6JySVGQFaGTEXRxqOF9kh8JB2yeQYUX7QOuxHSny7xc4ssjpCgpCA"}

[23:47:10.797] [government-facts] IN/REQ ← gov-health-dept [req-3]  POST /facts
  body: {"@context":["https://www.w3.org/ns/credentials/v2"],"type":["VerifiableCredential"],"issuer":"did:web:gov-health-dept%3A8466","validFrom":"2026-06-23T23:47:09.573Z","credentialSubject":{"@context":["https://www.w3.org/ns/did/v1"],"id":"did:web:gov-health-dept%3A8466","agentName":"urn:agent:nanda-prototype:gov-health-dept","label":"Government Health Department","description":"Conducts food truck health inspections and issues signed approval credentials.","version":"nanda-0.0.0-agent","provider":{"name":"City Government","url":"https://gov-health-dept:8466"},"endpoints":{"static":["https://gov-health-dept:8466"]},"capabilities":{"modalities":["text"]},"certification":{"level":"self-attested","issuer":"did:web:gov-health-dept%3A8466","issuanceDate":"2026-06-23T23:47:05.966Z","expirationDate":"2027-06-23T23:47:05.966Z","statusListUrl":"https://gov-health-dept:8466/status"}},"proof":{"type":"DataIntegrityProof","cryptosuite":"eddsa-jcs-2022","created":"2026-06-23T23:47:09.769Z","verificationMethod":"did:web:gov-health-dept%3A8466#key-1","proofPurpose":"assertionMethod","proofValue":"xBLCUwQ9DvuXTvQOU9nfA8wMrMqVyZwvqmrCWgLpG85Kskv_k7oAnNZR2F1vuFlIFTON9QqKBCTP2geOOqIWCQ"}}

[23:47:10.840] [lean-index] IN/REQ ← gov-business-licensing [req-1]  POST /agents
  body: {"agentId":"did:web:gov-business-licensing%3A8465","agentName":"urn:agent:nanda-prototype:gov-business-licensing","primaryFactsUrl":"https://government-facts:8461/facts/did%3Aweb%3Agov-business-licensing%253A8465","ttl":3600,"signature":"Z4WP_0q8BkssBf9uMqwANT_pMO8MIF_aN6JySVGQFaGTEXRxqOF9kh8JB2yeQYUX7QOuxHSny7xc4ssjpCgpCA"}

[23:47:10.798] [government-facts] OUT/REQ → gov-health-dept:8466  GET /.well-known/did.json

[23:47:10.822] [government-facts] IN/REQ ← gov-parking-dept [req-4]  POST /facts
  body: {"@context":["https://www.w3.org/ns/credentials/v2"],"type":["VerifiableCredential"],"issuer":"did:web:gov-parking-dept%3A8467","validFrom":"2026-06-23T23:47:09.854Z","credentialSubject":{"@context":["https://www.w3.org/ns/did/v1"],"id":"did:web:gov-parking-dept%3A8467","agentName":"urn:agent:nanda-prototype:gov-parking-dept","label":"Government Parking Department","description":"Issues street vending permits for licensed food truck operators.","version":"nanda-0.0.0-agent","provider":{"name":"City Government","url":"https://gov-parking-dept:8467"},"endpoints":{"static":["https://gov-parking-dept:8467"]},"capabilities":{"modalities":["text"]},"certification":{"level":"self-attested","issuer":"did:web:gov-parking-dept%3A8467","issuanceDate":"2026-06-23T23:47:06.386Z","expirationDate":"2027-06-23T23:47:06.386Z","statusListUrl":"https://gov-parking-dept:8467/status"}},"proof":{"type":"DataIntegrityProof","cryptosuite":"eddsa-jcs-2022","created":"2026-06-23T23:47:10.024Z","verificationMethod":"did:web:gov-parking-dept%3A8467#key-1","proofPurpose":"assertionMethod","proofValue":"cWR4oG0uUOAGaJv_HT7e-9xBp8VXhJHAOFX7Wriaw8j4438onxJP_da0ZzU9hGh4roIdFTzqKc18PrztLHgIBw"}}

[23:47:10.822] [government-facts] OUT/REQ → gov-parking-dept:8467  GET /.well-known/did.json

[23:47:10.862] [government-facts] IN/REPLY → gov-local-support [req-2]  201  POST /facts

[23:47:10.932] [gov-local-support] OUT/REPLY ← government-facts:8461  201  POST /facts
  body: {"message":""}

[23:47:10.982] [gov-local-support] OUT/REQ → lean-index:8460  POST /agents
  body: {"agentId":"did:web:gov-local-support%3A8464","agentName":"urn:agent:nanda-prototype:gov-local-support","primaryFactsUrl":"https://government-facts:8461/facts/did%3Aweb%3Agov-local-support%253A8464","ttl":3600,"signature":"XMbOO2dXxglInho-X3anAgVIBX1O6X0hN0ucuMzGuplJTccSvez-gyN2nO7ggtt_91mFiEpWz_n1bNnydq9DDg"}

[23:47:10.620] [vendor-facts] OUT/REQ → food-truck-vendor:8468  GET /.well-known/did.json

[23:47:11.036] [gov-parking-dept] IN/REQ ← government-facts [req-1]  GET /.well-known/did.json

[23:47:11.040] [gov-health-dept] IN/REQ ← government-facts [req-1]  GET /.well-known/did.json

[23:47:11.047] [gov-parking-dept] IN/REPLY → government-facts [req-1]  200  GET /.well-known/did.json
  body: {"@context":["https://www.w3.org/ns/did/v1"],"id":"did:web:gov-parking-dept%3A8467","verificationMethod":[{"id":"did:web:gov-parking-dept%3A8467#key-1","type":"Ed25519VerificationKey2020","controller":"did:web:gov-parking-dept%3A8467","publicKeyMultibase":"uNFl5k1bwjPM0oegGmknwEzwJ-2F2q72L-9yC_Hgg1pY"}],"assertionMethod":["did:web:gov-parking-dept%3A8467#key-1"]}

[23:47:11.051] [gov-health-dept] IN/REPLY → government-facts [req-1]  200  GET /.well-known/did.json
  body: {"@context":["https://www.w3.org/ns/did/v1"],"id":"did:web:gov-health-dept%3A8466","verificationMethod":[{"id":"did:web:gov-health-dept%3A8466#key-1","type":"Ed25519VerificationKey2020","controller":"did:web:gov-health-dept%3A8466","publicKeyMultibase":"u73WjgOr-WUZ0U1rsDTmWUfsuHD_cHdr5bDZkeWJlYfU"}],"assertionMethod":["did:web:gov-health-dept%3A8466#key-1"]}

[23:47:11.099] [government-facts] OUT/REPLY ← gov-parking-dept:8467  200  GET /.well-known/did.json
  body: {"@context":["https://www.w3.org/ns/did/v1"],"id":"did:web:gov-parking-dept%3A8467","verificationMethod":[{"id":"did:web:gov-parking-dept%3A8467#key-1","type":"Ed25519VerificationKey2020","controller":"did:web:gov-parking-dept%3A8467","publicKeyMultibase":"uNFl5k1bwjPM0oegGmknwEzwJ-2F2q72L-9yC_Hgg1pY"}],"assertionMethod":["did:web:gov-parking-dept%3A8467#key-1"]}

[vendor-facts] (node:1) [UNDICI-H2] Warning: H2 support is experimental, expect them to change at any time.
[vendor-facts] (Use `node --trace-warnings ...` to show where the warning was created)
[23:47:11.183] [food-truck-vendor] IN/REQ ← vendor-facts [req-1]  GET /.well-known/did.json

[23:47:11.194] [food-truck-vendor] IN/REPLY → vendor-facts [req-1]  200  GET /.well-known/did.json
  body: {"@context":["https://www.w3.org/ns/did/v1"],"id":"did:web:food-truck-vendor%3A8468","verificationMethod":[{"id":"did:web:food-truck-vendor%3A8468#key-1","type":"Ed25519VerificationKey2020","controller":"did:web:food-truck-vendor%3A8468","publicKeyMultibase":"ug7Zd8i1eadha2Rq5ebuiK3ZBgscIt1NbkZK0-H9p1tw"}],"assertionMethod":["did:web:food-truck-vendor%3A8468#key-1"]}

[23:47:10.875] [lean-index] OUT/REQ → gov-business-licensing:8465  GET /.well-known/did.json

[23:47:11.279] [vendor-facts] OUT/REPLY ← food-truck-vendor:8468  200  GET /.well-known/did.json
  body: {"@context":["https://www.w3.org/ns/did/v1"],"id":"did:web:food-truck-vendor%3A8468","verificationMethod":[{"id":"did:web:food-truck-vendor%3A8468#key-1","type":"Ed25519VerificationKey2020","controller":"did:web:food-truck-vendor%3A8468","publicKeyMultibase":"ug7Zd8i1eadha2Rq5ebuiK3ZBgscIt1NbkZK0-H9p1tw"}],"assertionMethod":["did:web:food-truck-vendor%3A8468#key-1"]}

[23:47:11.246] [government-facts] OUT/REPLY ← gov-health-dept:8466  200  GET /.well-known/did.json
  body: {"@context":["https://www.w3.org/ns/did/v1"],"id":"did:web:gov-health-dept%3A8466","verificationMethod":[{"id":"did:web:gov-health-dept%3A8466#key-1","type":"Ed25519VerificationKey2020","controller":"did:web:gov-health-dept%3A8466","publicKeyMultibase":"u73WjgOr-WUZ0U1rsDTmWUfsuHD_cHdr5bDZkeWJlYfU"}],"assertionMethod":["did:web:gov-health-dept%3A8466#key-1"]}

[lean-index] (node:1) [UNDICI-H2] Warning: H2 support is experimental, expect them to change at any time.
[lean-index] (Use `node --trace-warnings ...` to show where the warning was created)
[23:47:11.439] [lean-index] IN/REQ ← gov-local-support [req-2]  POST /agents
  body: {"agentId":"did:web:gov-local-support%3A8464","agentName":"urn:agent:nanda-prototype:gov-local-support","primaryFactsUrl":"https://government-facts:8461/facts/did%3Aweb%3Agov-local-support%253A8464","ttl":3600,"signature":"XMbOO2dXxglInho-X3anAgVIBX1O6X0hN0ucuMzGuplJTccSvez-gyN2nO7ggtt_91mFiEpWz_n1bNnydq9DDg"}

[23:47:11.487] [gov-business-licensing] IN/REQ ← lean-index [req-2]  GET /.well-known/did.json

[23:47:11.487] [gov-business-licensing] IN/REPLY → lean-index [req-2]  200  GET /.well-known/did.json
  body: {"@context":["https://www.w3.org/ns/did/v1"],"id":"did:web:gov-business-licensing%3A8465","verificationMethod":[{"id":"did:web:gov-business-licensing%3A8465#key-1","type":"Ed25519VerificationKey2020","controller":"did:web:gov-business-licensing%3A8465","publicKeyMultibase":"upkH7qYD0PbN7dJt332m400SA4DTHgFaTjhqBu0k1N5c"}],"assertionMethod":["did:web:gov-business-licensing%3A8465#key-1"]}

[23:47:11.479] [government-facts] IN/REPLY → gov-parking-dept [req-4]  201  POST /facts

[23:47:11.505] [government-facts] IN/REPLY → gov-health-dept [req-3]  201  POST /facts

[23:47:11.565] [gov-parking-dept] OUT/REPLY ← government-facts:8461  201  POST /facts
  body: {"message":""}

[23:47:11.548] [gov-health-dept] OUT/REPLY ← government-facts:8461  201  POST /facts
  body: {"message":""}

[23:47:11.625] [gov-parking-dept] OUT/REQ → lean-index:8460  POST /agents
  body: {"agentId":"did:web:gov-parking-dept%3A8467","agentName":"urn:agent:nanda-prototype:gov-parking-dept","primaryFactsUrl":"https://government-facts:8461/facts/did%3Aweb%3Agov-parking-dept%253A8467","ttl":3600,"signature":"mDVkqfJfv7c5ttqudpFTtgTXB8Vv3f65jrrHslJlRZc_6iuyPNjLM9SGjpAqiGtT2fcb4-9f7F637JKbdz6hBQ"}

[23:47:11.630] [gov-health-dept] OUT/REQ → lean-index:8460  POST /agents
  body: {"agentId":"did:web:gov-health-dept%3A8466","agentName":"urn:agent:nanda-prototype:gov-health-dept","primaryFactsUrl":"https://government-facts:8461/facts/did%3Aweb%3Agov-health-dept%253A8466","ttl":3600,"signature":"BjRNOOvn7lkuwuhEO9IBHZNTqdJkfmdAUj16_0Sb9fX4clgFhCrc3MtMY2PefHF0kY6mgjMY_Sgry6zAPugQAw"}

[23:47:12.182] [vendor-facts] IN/REPLY → food-truck-vendor [req-1]  201  POST /facts

[23:47:12.208] [food-truck-vendor] OUT/REPLY ← vendor-facts:8463  201  POST /facts
  body: {"message":""}

[23:47:12.227] [food-truck-vendor] OUT/REQ → lean-index:8460  POST /agents
  body: {"agentId":"did:web:food-truck-vendor%3A8468","agentName":"urn:agent:nanda-prototype:food-truck-vendor","primaryFactsUrl":"https://vendor-facts:8463/facts/did%3Aweb%3Afood-truck-vendor%253A8468","ttl":3600,"signature":"6YF3MGgQ4KMpUqMc8zP_E9oBTnvi64PY8RTTwFfiDx-MAQAsQUoi07T6LADWY2VhXhUSMArdoXLcOsvnwRDyDQ"}

[23:47:11.448] [lean-index] OUT/REQ → gov-local-support:8464  GET /.well-known/did.json

[23:47:11.623] [lean-index] OUT/REPLY ← gov-business-licensing:8465  200  GET /.well-known/did.json
  body: {"@context":["https://www.w3.org/ns/did/v1"],"id":"did:web:gov-business-licensing%3A8465","verificationMethod":[{"id":"did:web:gov-business-licensing%3A8465#key-1","type":"Ed25519VerificationKey2020","controller":"did:web:gov-business-licensing%3A8465","publicKeyMultibase":"upkH7qYD0PbN7dJt332m400SA4DTHgFaTjhqBu0k1N5c"}],"assertionMethod":["did:web:gov-business-licensing%3A8465#key-1"]}

[23:47:12.335] [lean-index] IN/REPLY → gov-business-licensing [req-1]  201  POST /agents

[23:47:12.369] [gov-local-support] IN/REQ ← lean-index [req-2]  GET /.well-known/did.json

[23:47:12.372] [gov-local-support] IN/REPLY → lean-index [req-2]  200  GET /.well-known/did.json
  body: {"@context":["https://www.w3.org/ns/did/v1"],"id":"did:web:gov-local-support%3A8464","verificationMethod":[{"id":"did:web:gov-local-support%3A8464#key-1","type":"Ed25519VerificationKey2020","controller":"did:web:gov-local-support%3A8464","publicKeyMultibase":"ummHDdZEzN62BhitwMDDos8ynE_uf9Tfwtoy2X30GNlU"}],"assertionMethod":["did:web:gov-local-support%3A8464#key-1"]}

[23:47:12.382] [lean-index] OUT/REPLY ← gov-local-support:8464  200  GET /.well-known/did.json
  body: {"@context":["https://www.w3.org/ns/did/v1"],"id":"did:web:gov-local-support%3A8464","verificationMethod":[{"id":"did:web:gov-local-support%3A8464#key-1","type":"Ed25519VerificationKey2020","controller":"did:web:gov-local-support%3A8464","publicKeyMultibase":"ummHDdZEzN62BhitwMDDos8ynE_uf9Tfwtoy2X30GNlU"}],"assertionMethod":["did:web:gov-local-support%3A8464#key-1"]}

[23:47:12.443] [gov-business-licensing] OUT/REPLY ← lean-index:8460  201  POST /agents
  body: {"message":""}

[23:47:12.443] [gov-business-licensing] INFO  gov-business-licensing registered
  did: did:web:gov-business-licensing%3A8465

[23:47:12.419] [lean-index] IN/REQ ← gov-parking-dept [req-3]  POST /agents
  body: {"agentId":"did:web:gov-parking-dept%3A8467","agentName":"urn:agent:nanda-prototype:gov-parking-dept","primaryFactsUrl":"https://government-facts:8461/facts/did%3Aweb%3Agov-parking-dept%253A8467","ttl":3600,"signature":"mDVkqfJfv7c5ttqudpFTtgTXB8Vv3f65jrrHslJlRZc_6iuyPNjLM9SGjpAqiGtT2fcb4-9f7F637JKbdz6hBQ"}

[23:47:12.419] [lean-index] OUT/REQ → gov-parking-dept:8467  GET /.well-known/did.json

[23:47:12.479] [lean-index] IN/REPLY → gov-local-support [req-2]  201  POST /agents

[23:47:12.487] [lean-index] IN/REQ ← gov-health-dept [req-4]  POST /agents
  body: {"agentId":"did:web:gov-health-dept%3A8466","agentName":"urn:agent:nanda-prototype:gov-health-dept","primaryFactsUrl":"https://government-facts:8461/facts/did%3Aweb%3Agov-health-dept%253A8466","ttl":3600,"signature":"BjRNOOvn7lkuwuhEO9IBHZNTqdJkfmdAUj16_0Sb9fX4clgFhCrc3MtMY2PefHF0kY6mgjMY_Sgry6zAPugQAw"}

[23:47:12.487] [lean-index] OUT/REQ → gov-health-dept:8466  GET /.well-known/did.json

[23:47:12.519] [gov-local-support] OUT/REPLY ← lean-index:8460  201  POST /agents
  body: {"message":""}

[23:47:12.520] [gov-local-support] INFO  gov-local-support registered
  did: did:web:gov-local-support%3A8464

[23:47:12.527] [gov-parking-dept] IN/REQ ← lean-index [req-2]  GET /.well-known/did.json

[23:47:12.531] [gov-parking-dept] IN/REPLY → lean-index [req-2]  200  GET /.well-known/did.json
  body: {"@context":["https://www.w3.org/ns/did/v1"],"id":"did:web:gov-parking-dept%3A8467","verificationMethod":[{"id":"did:web:gov-parking-dept%3A8467#key-1","type":"Ed25519VerificationKey2020","controller":"did:web:gov-parking-dept%3A8467","publicKeyMultibase":"uNFl5k1bwjPM0oegGmknwEzwJ-2F2q72L-9yC_Hgg1pY"}],"assertionMethod":["did:web:gov-parking-dept%3A8467#key-1"]}

[23:47:12.512] [lean-index] IN/REQ ← food-truck-vendor [req-5]  POST /agents
  body: {"agentId":"did:web:food-truck-vendor%3A8468","agentName":"urn:agent:nanda-prototype:food-truck-vendor","primaryFactsUrl":"https://vendor-facts:8463/facts/did%3Aweb%3Afood-truck-vendor%253A8468","ttl":3600,"signature":"6YF3MGgQ4KMpUqMc8zP_E9oBTnvi64PY8RTTwFfiDx-MAQAsQUoi07T6LADWY2VhXhUSMArdoXLcOsvnwRDyDQ"}

[23:47:12.512] [lean-index] OUT/REQ → food-truck-vendor:8468  GET /.well-known/did.json

[23:47:12.546] [lean-index] OUT/REPLY ← gov-parking-dept:8467  200  GET /.well-known/did.json
  body: {"@context":["https://www.w3.org/ns/did/v1"],"id":"did:web:gov-parking-dept%3A8467","verificationMethod":[{"id":"did:web:gov-parking-dept%3A8467#key-1","type":"Ed25519VerificationKey2020","controller":"did:web:gov-parking-dept%3A8467","publicKeyMultibase":"uNFl5k1bwjPM0oegGmknwEzwJ-2F2q72L-9yC_Hgg1pY"}],"assertionMethod":["did:web:gov-parking-dept%3A8467#key-1"]}

[23:47:12.586] [gov-health-dept] IN/REQ ← lean-index [req-2]  GET /.well-known/did.json

[23:47:12.589] [gov-health-dept] IN/REPLY → lean-index [req-2]  200  GET /.well-known/did.json
  body: {"@context":["https://www.w3.org/ns/did/v1"],"id":"did:web:gov-health-dept%3A8466","verificationMethod":[{"id":"did:web:gov-health-dept%3A8466#key-1","type":"Ed25519VerificationKey2020","controller":"did:web:gov-health-dept%3A8466","publicKeyMultibase":"u73WjgOr-WUZ0U1rsDTmWUfsuHD_cHdr5bDZkeWJlYfU"}],"assertionMethod":["did:web:gov-health-dept%3A8466#key-1"]}

[23:47:12.594] [lean-index] IN/REPLY → gov-parking-dept [req-3]  201  POST /agents

[23:47:12.627] [food-truck-vendor] IN/REQ ← lean-index [req-2]  GET /.well-known/did.json

[23:47:12.629] [food-truck-vendor] IN/REPLY → lean-index [req-2]  200  GET /.well-known/did.json
  body: {"@context":["https://www.w3.org/ns/did/v1"],"id":"did:web:food-truck-vendor%3A8468","verificationMethod":[{"id":"did:web:food-truck-vendor%3A8468#key-1","type":"Ed25519VerificationKey2020","controller":"did:web:food-truck-vendor%3A8468","publicKeyMultibase":"ug7Zd8i1eadha2Rq5ebuiK3ZBgscIt1NbkZK0-H9p1tw"}],"assertionMethod":["did:web:food-truck-vendor%3A8468#key-1"]}

[23:47:12.604] [lean-index] OUT/REPLY ← gov-health-dept:8466  200  GET /.well-known/did.json
  body: {"@context":["https://www.w3.org/ns/did/v1"],"id":"did:web:gov-health-dept%3A8466","verificationMethod":[{"id":"did:web:gov-health-dept%3A8466#key-1","type":"Ed25519VerificationKey2020","controller":"did:web:gov-health-dept%3A8466","publicKeyMultibase":"u73WjgOr-WUZ0U1rsDTmWUfsuHD_cHdr5bDZkeWJlYfU"}],"assertionMethod":["did:web:gov-health-dept%3A8466#key-1"]}

[23:47:12.663] [gov-parking-dept] OUT/REPLY ← lean-index:8460  201  POST /agents
  body: {"message":""}

[23:47:12.666] [gov-parking-dept] INFO  gov-parking-dept registered
  did: did:web:gov-parking-dept%3A8467

[23:47:12.655] [lean-index] OUT/REPLY ← food-truck-vendor:8468  200  GET /.well-known/did.json
  body: {"@context":["https://www.w3.org/ns/did/v1"],"id":"did:web:food-truck-vendor%3A8468","verificationMethod":[{"id":"did:web:food-truck-vendor%3A8468#key-1","type":"Ed25519VerificationKey2020","controller":"did:web:food-truck-vendor%3A8468","publicKeyMultibase":"ug7Zd8i1eadha2Rq5ebuiK3ZBgscIt1NbkZK0-H9p1tw"}],"assertionMethod":["did:web:food-truck-vendor%3A8468#key-1"]}

[23:47:12.675] [gov-health-dept] OUT/REPLY ← lean-index:8460  201  POST /agents
  body: {"message":""}

[23:47:12.670] [lean-index] IN/REPLY → gov-health-dept [req-4]  201  POST /agents

[23:47:12.677] [gov-health-dept] INFO  gov-health-dept registered
  did: did:web:gov-health-dept%3A8466

[23:47:12.693] [lean-index] IN/REPLY → food-truck-vendor [req-5]  201  POST /agents

[23:47:12.700] [food-truck-vendor] OUT/REPLY ← lean-index:8460  201  POST /agents
  body: {"message":""}

[23:47:12.702] [food-truck-vendor] INFO  food-truck-vendor registered
  did: did:web:food-truck-vendor%3A8468

[23:47:15.836] [personal-rep] INFO  Server listening at https://127.0.0.1:8469

[23:47:15.840] [personal-rep] INFO  Server listening at https://172.18.0.11:8469

[23:47:15.841] [personal-rep] INFO  personal-rep started
  did: did:web:personal-rep%3A8469
  publicKey: 5tEicaSTBcyFTXvPUL4P3Hp1MtOaXiQItb_z9UeUA7M

[23:47:15.889] [personal-rep] OUT/REQ → personal-agents-facts:8462  POST /facts
  body: {"@context":["https://www.w3.org/ns/credentials/v2"],"type":["VerifiableCredential"],"issuer":"did:web:personal-rep%3A8469","validFrom":"2026-06-23T23:47:15.841Z","credentialSubject":{"@context":["https://www.w3.org/ns/did/v1"],"id":"did:web:personal-rep%3A8469","agentName":"urn:agent:nanda-prototype:personal-rep","label":"Citizen's Personal Representative","description":"Autonomously navigates government and vendor agents to achieve citizen goals.","version":"nanda-0.0.0-agent","provider":{"name":"Personal","url":"https://personal-rep:8469"},"endpoints":{"static":["https://personal-rep:8469"]},"capabilities":{"modalities":["text"]},"certification":{"level":"self-attested","issuer":"did:web:personal-rep%3A8469","issuanceDate":"2026-06-23T23:47:15.394Z","expirationDate":"2027-06-23T23:47:15.394Z","statusListUrl":"https://personal-rep:8469/status"}},"proof":{"type":"DataIntegrityProof","cryptosuite":"eddsa-jcs-2022","created":"2026-06-23T23:47:15.889Z","verificationMethod":"did:web:personal-rep%3A8469#key-1","proofPurpose":"assertionMethod","proofValue":"uGuQxHfdtYV-p4-6MY0MNGZfFW6J-gewBVNPZScIQVPZQxZUjn8Yp4Rx-3PmDGOHmBibUOogzBqJxSWzlLn0DQ"}}

[personal-rep] (node:1) [UNDICI-H2] Warning: H2 support is experimental, expect them to change at any time.
[personal-rep] (Use `node --trace-warnings ...` to show where the warning was created)
[23:47:16.060] [personal-agents-facts] IN/REQ ← personal-rep [req-1]  POST /facts
  body: {"@context":["https://www.w3.org/ns/credentials/v2"],"type":["VerifiableCredential"],"issuer":"did:web:personal-rep%3A8469","validFrom":"2026-06-23T23:47:15.841Z","credentialSubject":{"@context":["https://www.w3.org/ns/did/v1"],"id":"did:web:personal-rep%3A8469","agentName":"urn:agent:nanda-prototype:personal-rep","label":"Citizen's Personal Representative","description":"Autonomously navigates government and vendor agents to achieve citizen goals.","version":"nanda-0.0.0-agent","provider":{"name":"Personal","url":"https://personal-rep:8469"},"endpoints":{"static":["https://personal-rep:8469"]},"capabilities":{"modalities":["text"]},"certification":{"level":"self-attested","issuer":"did:web:personal-rep%3A8469","issuanceDate":"2026-06-23T23:47:15.394Z","expirationDate":"2027-06-23T23:47:15.394Z","statusListUrl":"https://personal-rep:8469/status"}},"proof":{"type":"DataIntegrityProof","cryptosuite":"eddsa-jcs-2022","created":"2026-06-23T23:47:15.889Z","verificationMethod":"did:web:personal-rep%3A8469#key-1","proofPurpose":"assertionMethod","proofValue":"uGuQxHfdtYV-p4-6MY0MNGZfFW6J-gewBVNPZScIQVPZQxZUjn8Yp4Rx-3PmDGOHmBibUOogzBqJxSWzlLn0DQ"}}

[23:47:16.069] [personal-agents-facts] OUT/REQ → personal-rep:8469  GET /.well-known/did.json

[personal-agents-facts] (node:1) [UNDICI-H2] Warning: H2 support is experimental, expect them to change at any time.
[personal-agents-facts] (Use `node --trace-warnings ...` to show where the warning was created)
[23:47:16.171] [personal-rep] IN/REQ ← personal-agents-facts [req-1]  GET /.well-known/did.json

[23:47:16.176] [personal-rep] IN/REPLY → personal-agents-facts [req-1]  200  GET /.well-known/did.json
  body: {"@context":["https://www.w3.org/ns/did/v1"],"id":"did:web:personal-rep%3A8469","verificationMethod":[{"id":"did:web:personal-rep%3A8469#key-1","type":"Ed25519VerificationKey2020","controller":"did:web:personal-rep%3A8469","publicKeyMultibase":"u5tEicaSTBcyFTXvPUL4P3Hp1MtOaXiQItb_z9UeUA7M"}],"assertionMethod":["did:web:personal-rep%3A8469#key-1"]}

[23:47:16.201] [personal-agents-facts] OUT/REPLY ← personal-rep:8469  200  GET /.well-known/did.json
  body: {"@context":["https://www.w3.org/ns/did/v1"],"id":"did:web:personal-rep%3A8469","verificationMethod":[{"id":"did:web:personal-rep%3A8469#key-1","type":"Ed25519VerificationKey2020","controller":"did:web:personal-rep%3A8469","publicKeyMultibase":"u5tEicaSTBcyFTXvPUL4P3Hp1MtOaXiQItb_z9UeUA7M"}],"assertionMethod":["did:web:personal-rep%3A8469#key-1"]}

[23:47:16.403] [personal-agents-facts] IN/REPLY → personal-rep [req-1]  201  POST /facts

[23:47:16.429] [personal-rep] OUT/REPLY ← personal-agents-facts:8462  201  POST /facts
  body: {"message":""}

[23:47:16.439] [personal-rep] OUT/REQ → lean-index:8460  POST /agents
  body: {"agentId":"did:web:personal-rep%3A8469","agentName":"urn:agent:nanda-prototype:personal-rep","primaryFactsUrl":"https://personal-agents-facts:8462/facts/did%3Aweb%3Apersonal-rep%253A8469","ttl":3600,"signature":"p8M0FWJBBhrSIU7dvWReHH7UYtwaVkUaD-7y6RRjIIu-szRDfHrFm2EA7yp-ORJ__8U57YdjrgTy5I7LbO4mBQ"}

[23:47:16.466] [lean-index] IN/REQ ← personal-rep [req-6]  POST /agents
  body: {"agentId":"did:web:personal-rep%3A8469","agentName":"urn:agent:nanda-prototype:personal-rep","primaryFactsUrl":"https://personal-agents-facts:8462/facts/did%3Aweb%3Apersonal-rep%253A8469","ttl":3600,"signature":"p8M0FWJBBhrSIU7dvWReHH7UYtwaVkUaD-7y6RRjIIu-szRDfHrFm2EA7yp-ORJ__8U57YdjrgTy5I7LbO4mBQ"}

[23:47:16.473] [lean-index] OUT/REQ → personal-rep:8469  GET /.well-known/did.json

[23:47:16.497] [personal-rep] IN/REQ ← lean-index [req-2]  GET /.well-known/did.json

[23:47:16.500] [personal-rep] IN/REPLY → lean-index [req-2]  200  GET /.well-known/did.json
  body: {"@context":["https://www.w3.org/ns/did/v1"],"id":"did:web:personal-rep%3A8469","verificationMethod":[{"id":"did:web:personal-rep%3A8469#key-1","type":"Ed25519VerificationKey2020","controller":"did:web:personal-rep%3A8469","publicKeyMultibase":"u5tEicaSTBcyFTXvPUL4P3Hp1MtOaXiQItb_z9UeUA7M"}],"assertionMethod":["did:web:personal-rep%3A8469#key-1"]}

[23:47:16.509] [lean-index] OUT/REPLY ← personal-rep:8469  200  GET /.well-known/did.json
  body: {"@context":["https://www.w3.org/ns/did/v1"],"id":"did:web:personal-rep%3A8469","verificationMethod":[{"id":"did:web:personal-rep%3A8469#key-1","type":"Ed25519VerificationKey2020","controller":"did:web:personal-rep%3A8469","publicKeyMultibase":"u5tEicaSTBcyFTXvPUL4P3Hp1MtOaXiQItb_z9UeUA7M"}],"assertionMethod":["did:web:personal-rep%3A8469#key-1"]}

[23:47:16.542] [lean-index] IN/REPLY → personal-rep [req-6]  201  POST /agents

[23:47:16.549] [personal-rep] OUT/REPLY ← lean-index:8460  201  POST /agents
  body: {"message":""}

[23:47:16.552] [personal-rep] INFO  personal-rep registered
  did: did:web:personal-rep%3A8469

[23:48:01.597] [personal-rep] IN/REQ ← 172.18.0.1 [req-3]  POST /objective
  body: {"objective":"I want to start a food truck business. Please figure out what I need and complete the process.","contextDIDs":[{"role":"local-government-support","did":"did:web:gov-local-support%3A8464"}]}

[23:48:01.643] [lean-index] IN/REQ ← personal-rep [req-7]  GET /agents/did:web:gov-local-support%3A8464

[23:48:01.603] [personal-rep] INFO  Personal rep status update
  Received objective. Resolving local government support agent via NANDA...

[23:48:01.603] [personal-rep] OUT/REQ → lean-index:8460  GET /agents/did:web:gov-local-support%3A8464

[23:48:01.616] [personal-rep] IN/REPLY → 172.18.0.1 [req-3]  200  POST /objective
  body: {"acknowledgement":"Understood. I have one contact to start with. I will research requirements and proceed on your behalf."}

[23:48:01.713] [lean-index] IN/REPLY → personal-rep [req-7]  200  GET /agents/did:web:gov-local-support%3A8464
  body: {"agentId":"did:web:gov-local-support%3A8464","agentName":"urn:agent:nanda-prototype:gov-local-support","primaryFactsUrl":"https://government-facts:8461/facts/did%3Aweb%3Agov-local-support%253A8464","ttl":3600,"signature":"XMbOO2dXxglInho-X3anAgVIBX1O6X0hN0ucuMzGuplJTccSvez-gyN2nO7ggtt_91mFiEpWz_n1bNnydq9DDg"}

[23:48:01.730] [personal-rep] OUT/REPLY ← lean-index:8460  200  GET /agents/did:web:gov-local-support%3A8464
  body: {"agentId":"did:web:gov-local-support%3A8464","agentName":"urn:agent:nanda-prototype:gov-local-support","primaryFactsUrl":"https://government-facts:8461/facts/did%3Aweb%3Agov-local-support%253A8464","ttl":3600,"signature":"XMbOO2dXxglInho-X3anAgVIBX1O6X0hN0ucuMzGuplJTccSvez-gyN2nO7ggtt_91mFiEpWz_n1bNnydq9DDg"}

[23:48:01.730] [personal-rep] OUT/REQ → government-facts:8461  GET /facts/did:web:gov-local-support%3A8464

[23:48:01.808] [government-facts] IN/REQ ← personal-rep [req-5]  GET /facts/did:web:gov-local-support%3A8464

[23:48:01.854] [government-facts] IN/REPLY → personal-rep [req-5]  200  GET /facts/did:web:gov-local-support%3A8464
  body: {"@context":["https://www.w3.org/ns/credentials/v2"],"type":["VerifiableCredential"],"issuer":"did:web:gov-local-support%3A8464","validFrom":"2026-06-23T23:47:08.953Z","credentialSubject":{"@context":["https://www.w3.org/ns/did/v1"],"id":"did:web:gov-local-support%3A8464","agentName":"urn:agent:nanda-prototype:gov-local-support","label":"Government Local Business Support","description":"Advises citizens on starting a food truck business and provides contacts for required agencies.","version":"nanda-0.0.0-agent","provider":{"name":"City Government","url":"https://gov-local-support:8464"},"endpoints":{"static":["https://gov-local-support:8464"]},"capabilities":{"modalities":["text"]},"certification":{"level":"self-attested","issuer":"did:web:gov-local-support%3A8464","issuanceDate":"2026-06-23T23:47:04.726Z","expirationDate":"2027-06-23T23:47:04.726Z","statusListUrl":"https://gov-local-support:8464/status"}},"proof":{"type":"DataIntegrityProof","cryptosuite":"eddsa-jcs-2022","created":"2026-06-23T23:47:09.227Z","verificationMethod":"did:web:gov-local-support%3A8464#key-1","proofPurpose":"assertionMethod","proofValue":"TUbAZWU6_aSdyZv3N7PYq2SHnsqxdhvxRq_3kDak1rZTrm6veJV4hNPD2SW2H5zQSc95hLkEegt4CdT8989BDg"}}

[23:48:01.867] [personal-rep] OUT/REPLY ← government-facts:8461  200  GET /facts/did:web:gov-local-support%3A8464
  body: {"@context":["https://www.w3.org/ns/credentials/v2"],"type":["VerifiableCredential"],"issuer":"did:web:gov-local-support%3A8464","validFrom":"2026-06-23T23:47:08.953Z","credentialSubject":{"@context":["https://www.w3.org/ns/did/v1"],"id":"did:web:gov-local-support%3A8464","agentName":"urn:agent:nanda-prototype:gov-local-support","label":"Government Local Business Support","description":"Advises citizens on starting a food truck business and provides contacts for required agencies.","version":"nanda-0.0.0-agent","provider":{"name":"City Government","url":"https://gov-local-support:8464"},"endpoints":{"static":["https://gov-local-support:8464"]},"capabilities":{"modalities":["text"]},"certification":{"level":"self-attested","issuer":"did:web:gov-local-support%3A8464","issuanceDate":"2026-06-23T23:47:04.726Z","expirationDate":"2027-06-23T23:47:04.726Z","statusListUrl":"https://gov-local-support:8464/status"}},"proof":{"type":"DataIntegrityProof","cryptosuite":"eddsa-jcs-2022","created":"2026-06-23T23:47:09.227Z","verificationMethod":"did:web:gov-local-support%3A8464#key-1","proofPurpose":"assertionMethod","proofValue":"TUbAZWU6_aSdyZv3N7PYq2SHnsqxdhvxRq_3kDak1rZTrm6veJV4hNPD2SW2H5zQSc95hLkEegt4CdT8989BDg"}}

[23:48:01.872] [personal-rep] OUT/REQ → gov-local-support:8464  POST /inquire
  body: {"query":"My client wants to start a food truck business. Which agencies and services should they engage with?","requesterDID":"did:web:personal-rep%3A8469"}

[23:48:02.030] [gov-local-support] IN/REQ ← personal-rep [req-3]  POST /inquire
  body: {"query":"My client wants to start a food truck business. Which agencies and services should they engage with?","requesterDID":"did:web:personal-rep%3A8469"}

[23:48:02.042] [gov-local-support] IN/REPLY → personal-rep [req-3]  200  POST /inquire
  body: {"reply":"To start a food truck business, you need a business license from the licensing office, a street vending permit from the parking department, and I recommend contacting a licensed food truck vendor to arrange your vehicle.","recommendedAgents":[{"role":"business-licensing","did":"did:web:gov-business-licensing%3A8465"},{"role":"parking-department","did":"did:web:gov-parking-dept%3A8467"},{"role":"food-truck-vendor","did":"did:web:food-truck-vendor%3A8468"}]}

[23:48:02.051] [personal-rep] OUT/REPLY ← gov-local-support:8464  200  POST /inquire
  body: {"reply":"To start a food truck business, you need a business license from the licensing office, a street vending permit from the parking department, and I recommend contacting a licensed food truck vendor to arrange your vehicle.","recommendedAgents":[{"role":"business-licensing","did":"did:web:gov-business-licensing%3A8465"},{"role":"parking-department","did":"did:web:gov-parking-dept%3A8467"},{"role":"food-truck-vendor","did":"did:web:food-truck-vendor%3A8468"}]}

[23:48:02.078] [lean-index] IN/REQ ← personal-rep [req-8]  GET /agents/did:web:gov-business-licensing%3A8465

[23:48:02.083] [lean-index] IN/REPLY → personal-rep [req-8]  200  GET /agents/did:web:gov-business-licensing%3A8465
  body: {"agentId":"did:web:gov-business-licensing%3A8465","agentName":"urn:agent:nanda-prototype:gov-business-licensing","primaryFactsUrl":"https://government-facts:8461/facts/did%3Aweb%3Agov-business-licensing%253A8465","ttl":3600,"signature":"Z4WP_0q8BkssBf9uMqwANT_pMO8MIF_aN6JySVGQFaGTEXRxqOF9kh8JB2yeQYUX7QOuxHSny7xc4ssjpCgpCA"}

[23:48:02.070] [personal-rep] INFO  Personal rep status update
  Received agency contacts from local business support. Researching requirements with business licensing office...

[23:48:02.070] [personal-rep] OUT/REQ → lean-index:8460  GET /agents/did:web:gov-business-licensing%3A8465

[23:48:02.150] [government-facts] IN/REQ ← personal-rep [req-6]  GET /facts/did:web:gov-business-licensing%3A8465

[23:48:02.154] [government-facts] IN/REPLY → personal-rep [req-6]  200  GET /facts/did:web:gov-business-licensing%3A8465
  body: {"@context":["https://www.w3.org/ns/credentials/v2"],"type":["VerifiableCredential"],"issuer":"did:web:gov-business-licensing%3A8465","validFrom":"2026-06-23T23:47:08.422Z","credentialSubject":{"@context":["https://www.w3.org/ns/did/v1"],"id":"did:web:gov-business-licensing%3A8465","agentName":"urn:agent:nanda-prototype:gov-business-licensing","label":"Government Business Licensing Office","description":"Issues business registrations, provisional and final restaurant licenses.","version":"nanda-0.0.0-agent","provider":{"name":"City Government","url":"https://gov-business-licensing:8465"},"endpoints":{"static":["https://gov-business-licensing:8465"]},"capabilities":{"modalities":["text"]},"certification":{"level":"self-attested","issuer":"did:web:gov-business-licensing%3A8465","issuanceDate":"2026-06-23T23:47:04.099Z","expirationDate":"2027-06-23T23:47:04.099Z","statusListUrl":"https://gov-business-licensing:8465/status"}},"proof":{"type":"DataIntegrityProof","cryptosuite":"eddsa-jcs-2022","created":"2026-06-23T23:47:08.648Z","verificationMethod":"did:web:gov-business-licensing%3A8465#key-1","proofPurpose":"assertionMethod","proofValue":"4kvLHvZ60NKQs4QhmpgEAJEIoKuB3j0V5-V1VPMczLsk7H2ALHO9jpdysEM2QigXVupAYR53ZAi9jkihc-UOAg"}}

[23:48:02.135] [personal-rep] OUT/REPLY ← lean-index:8460  200  GET /agents/did:web:gov-business-licensing%3A8465
  body: {"agentId":"did:web:gov-business-licensing%3A8465","agentName":"urn:agent:nanda-prototype:gov-business-licensing","primaryFactsUrl":"https://government-facts:8461/facts/did%3Aweb%3Agov-business-licensing%253A8465","ttl":3600,"signature":"Z4WP_0q8BkssBf9uMqwANT_pMO8MIF_aN6JySVGQFaGTEXRxqOF9kh8JB2yeQYUX7QOuxHSny7xc4ssjpCgpCA"}

[23:48:02.136] [personal-rep] OUT/REQ → government-facts:8461  GET /facts/did:web:gov-business-licensing%3A8465

[23:48:02.186] [personal-rep] OUT/REPLY ← government-facts:8461  200  GET /facts/did:web:gov-business-licensing%3A8465
  body: {"@context":["https://www.w3.org/ns/credentials/v2"],"type":["VerifiableCredential"],"issuer":"did:web:gov-business-licensing%3A8465","validFrom":"2026-06-23T23:47:08.422Z","credentialSubject":{"@context":["https://www.w3.org/ns/did/v1"],"id":"did:web:gov-business-licensing%3A8465","agentName":"urn:agent:nanda-prototype:gov-business-licensing","label":"Government Business Licensing Office","description":"Issues business registrations, provisional and final restaurant licenses.","version":"nanda-0.0.0-agent","provider":{"name":"City Government","url":"https://gov-business-licensing:8465"},"endpoints":{"static":["https://gov-business-licensing:8465"]},"capabilities":{"modalities":["text"]},"certification":{"level":"self-attested","issuer":"did:web:gov-business-licensing%3A8465","issuanceDate":"2026-06-23T23:47:04.099Z","expirationDate":"2027-06-23T23:47:04.099Z","statusListUrl":"https://gov-business-licensing:8465/status"}},"proof":{"type":"DataIntegrityProof","cryptosuite":"eddsa-jcs-2022","created":"2026-06-23T23:47:08.648Z","verificationMethod":"did:web:gov-business-licensing%3A8465#key-1","proofPurpose":"assertionMethod","proofValue":"4kvLHvZ60NKQs4QhmpgEAJEIoKuB3j0V5-V1VPMczLsk7H2ALHO9jpdysEM2QigXVupAYR53ZAi9jkihc-UOAg"}}

[23:48:02.190] [personal-rep] OUT/REQ → gov-business-licensing:8465  POST /inquire
  body: {"query":"What is required to obtain a business license for a food truck restaurant operation?","requesterDID":"did:web:personal-rep%3A8469"}

[23:48:02.298] [gov-business-licensing] IN/REQ ← personal-rep [req-3]  POST /inquire
  body: {"query":"What is required to obtain a business license for a food truck restaurant operation?","requesterDID":"did:web:personal-rep%3A8469"}

[23:48:02.322] [personal-rep] OUT/REPLY ← gov-business-licensing:8465  200  POST /inquire
  body: {"reply":"Licensing has three steps: (1) business registration \u2014 application only, (2) provisional restaurant license \u2014 application only, (3) final restaurant license \u2014 requires a health inspection from the health department.","steps":["business-registration","provisional-restaurant-license","final-restaurant-license"],"referencedAgent":{"role":"health-department","did":"did:web:gov-health-dept%3A8466"}}

[23:48:02.308] [gov-business-licensing] IN/REPLY → personal-rep [req-3]  200  POST /inquire
  body: {"reply":"Licensing has three steps: (1) business registration \u2014 application only, (2) provisional restaurant license \u2014 application only, (3) final restaurant license \u2014 requires a health inspection from the health department.","steps":["business-registration","provisional-restaurant-license","final-restaurant-license"],"referencedAgent":{"role":"health-department","did":"did:web:gov-health-dept%3A8466"}}

[23:48:02.342] [lean-index] IN/REQ ← personal-rep [req-9]  GET /agents/did:web:gov-parking-dept%3A8467

[23:48:02.347] [lean-index] IN/REPLY → personal-rep [req-9]  200  GET /agents/did:web:gov-parking-dept%3A8467
  body: {"agentId":"did:web:gov-parking-dept%3A8467","agentName":"urn:agent:nanda-prototype:gov-parking-dept","primaryFactsUrl":"https://government-facts:8461/facts/did%3Aweb%3Agov-parking-dept%253A8467","ttl":3600,"signature":"mDVkqfJfv7c5ttqudpFTtgTXB8Vv3f65jrrHslJlRZc_6iuyPNjLM9SGjpAqiGtT2fcb4-9f7F637JKbdz6hBQ"}

[23:48:02.322] [personal-rep] INFO  Personal rep status update
  Licensing requires 3 steps: registration, provisional license, and a final license requiring a health inspection. Contacting parking department...

[23:48:02.322] [personal-rep] OUT/REQ → lean-index:8460  GET /agents/did:web:gov-parking-dept%3A8467

[23:48:02.367] [personal-rep] OUT/REPLY ← lean-index:8460  200  GET /agents/did:web:gov-parking-dept%3A8467
  body: {"agentId":"did:web:gov-parking-dept%3A8467","agentName":"urn:agent:nanda-prototype:gov-parking-dept","primaryFactsUrl":"https://government-facts:8461/facts/did%3Aweb%3Agov-parking-dept%253A8467","ttl":3600,"signature":"mDVkqfJfv7c5ttqudpFTtgTXB8Vv3f65jrrHslJlRZc_6iuyPNjLM9SGjpAqiGtT2fcb4-9f7F637JKbdz6hBQ"}

[23:48:02.388] [personal-rep] OUT/REQ → government-facts:8461  GET /facts/did:web:gov-parking-dept%3A8467

[23:48:02.441] [government-facts] IN/REQ ← personal-rep [req-7]  GET /facts/did:web:gov-parking-dept%3A8467

[23:48:02.457] [government-facts] IN/REPLY → personal-rep [req-7]  200  GET /facts/did:web:gov-parking-dept%3A8467
  body: {"@context":["https://www.w3.org/ns/credentials/v2"],"type":["VerifiableCredential"],"issuer":"did:web:gov-parking-dept%3A8467","validFrom":"2026-06-23T23:47:09.854Z","credentialSubject":{"@context":["https://www.w3.org/ns/did/v1"],"id":"did:web:gov-parking-dept%3A8467","agentName":"urn:agent:nanda-prototype:gov-parking-dept","label":"Government Parking Department","description":"Issues street vending permits for licensed food truck operators.","version":"nanda-0.0.0-agent","provider":{"name":"City Government","url":"https://gov-parking-dept:8467"},"endpoints":{"static":["https://gov-parking-dept:8467"]},"capabilities":{"modalities":["text"]},"certification":{"level":"self-attested","issuer":"did:web:gov-parking-dept%3A8467","issuanceDate":"2026-06-23T23:47:06.386Z","expirationDate":"2027-06-23T23:47:06.386Z","statusListUrl":"https://gov-parking-dept:8467/status"}},"proof":{"type":"DataIntegrityProof","cryptosuite":"eddsa-jcs-2022","created":"2026-06-23T23:47:10.024Z","verificationMethod":"did:web:gov-parking-dept%3A8467#key-1","proofPurpose":"assertionMethod","proofValue":"cWR4oG0uUOAGaJv_HT7e-9xBp8VXhJHAOFX7Wriaw8j4438onxJP_da0ZzU9hGh4roIdFTzqKc18PrztLHgIBw"}}

[23:48:02.549] [personal-rep] OUT/REPLY ← government-facts:8461  200  GET /facts/did:web:gov-parking-dept%3A8467
  body: {"@context":["https://www.w3.org/ns/credentials/v2"],"type":["VerifiableCredential"],"issuer":"did:web:gov-parking-dept%3A8467","validFrom":"2026-06-23T23:47:09.854Z","credentialSubject":{"@context":["https://www.w3.org/ns/did/v1"],"id":"did:web:gov-parking-dept%3A8467","agentName":"urn:agent:nanda-prototype:gov-parking-dept","label":"Government Parking Department","description":"Issues street vending permits for licensed food truck operators.","version":"nanda-0.0.0-agent","provider":{"name":"City Government","url":"https://gov-parking-dept:8467"},"endpoints":{"static":["https://gov-parking-dept:8467"]},"capabilities":{"modalities":["text"]},"certification":{"level":"self-attested","issuer":"did:web:gov-parking-dept%3A8467","issuanceDate":"2026-06-23T23:47:06.386Z","expirationDate":"2027-06-23T23:47:06.386Z","statusListUrl":"https://gov-parking-dept:8467/status"}},"proof":{"type":"DataIntegrityProof","cryptosuite":"eddsa-jcs-2022","created":"2026-06-23T23:47:10.024Z","verificationMethod":"did:web:gov-parking-dept%3A8467#key-1","proofPurpose":"assertionMethod","proofValue":"cWR4oG0uUOAGaJv_HT7e-9xBp8VXhJHAOFX7Wriaw8j4438onxJP_da0ZzU9hGh4roIdFTzqKc18PrztLHgIBw"}}

[23:48:02.549] [personal-rep] OUT/REQ → gov-parking-dept:8467  POST /inquire
  body: {"query":"What is required to obtain a street vending permit for a food truck?","requesterDID":"did:web:personal-rep%3A8469"}

[23:48:02.589] [gov-parking-dept] IN/REQ ← personal-rep [req-3]  POST /inquire
  body: {"query":"What is required to obtain a street vending permit for a food truck?","requesterDID":"did:web:personal-rep%3A8469"}

[23:48:02.598] [personal-rep] OUT/REPLY ← gov-parking-dept:8467  200  POST /inquire
  body: {"reply":"Submit an application with a valid final restaurant business license and your food truck rental credential. We record the vehicle details at time of permit issuance."}

[23:48:02.604] [lean-index] IN/REQ ← personal-rep [req-a]  GET /agents/did:web:food-truck-vendor%3A8468

[23:48:02.607] [lean-index] IN/REPLY → personal-rep [req-a]  200  GET /agents/did:web:food-truck-vendor%3A8468
  body: {"agentId":"did:web:food-truck-vendor%3A8468","agentName":"urn:agent:nanda-prototype:food-truck-vendor","primaryFactsUrl":"https://vendor-facts:8463/facts/did%3Aweb%3Afood-truck-vendor%253A8468","ttl":3600,"signature":"6YF3MGgQ4KMpUqMc8zP_E9oBTnvi64PY8RTTwFfiDx-MAQAsQUoi07T6LADWY2VhXhUSMArdoXLcOsvnwRDyDQ"}

[23:48:02.594] [gov-parking-dept] IN/REPLY → personal-rep [req-3]  200  POST /inquire
  body: {"reply":"Submit an application with a valid final restaurant business license and your food truck rental credential. We record the vehicle details at time of permit issuance."}

[23:48:02.601] [personal-rep] INFO  Personal rep status update
  Street vending permit requires a final restaurant license and truck rental credential. Contacting food truck vendor...

[23:48:02.601] [personal-rep] OUT/REQ → lean-index:8460  GET /agents/did:web:food-truck-vendor%3A8468

[23:48:02.620] [personal-rep] OUT/REPLY ← lean-index:8460  200  GET /agents/did:web:food-truck-vendor%3A8468
  body: {"agentId":"did:web:food-truck-vendor%3A8468","agentName":"urn:agent:nanda-prototype:food-truck-vendor","primaryFactsUrl":"https://vendor-facts:8463/facts/did%3Aweb%3Afood-truck-vendor%253A8468","ttl":3600,"signature":"6YF3MGgQ4KMpUqMc8zP_E9oBTnvi64PY8RTTwFfiDx-MAQAsQUoi07T6LADWY2VhXhUSMArdoXLcOsvnwRDyDQ"}

[23:48:02.620] [personal-rep] OUT/REQ → vendor-facts:8463  GET /facts/did:web:food-truck-vendor%3A8468

[23:48:02.667] [vendor-facts] IN/REQ ← personal-rep [req-2]  GET /facts/did:web:food-truck-vendor%3A8468

[23:48:02.675] [vendor-facts] IN/REPLY → personal-rep [req-2]  200  GET /facts/did:web:food-truck-vendor%3A8468
  body: {"@context":["https://www.w3.org/ns/credentials/v2"],"type":["VerifiableCredential"],"issuer":"did:web:food-truck-vendor%3A8468","validFrom":"2026-06-23T23:47:09.827Z","credentialSubject":{"@context":["https://www.w3.org/ns/did/v1"],"id":"did:web:food-truck-vendor%3A8468","agentName":"urn:agent:nanda-prototype:food-truck-vendor","label":"Food Truck Vendor","description":"Rents food trucks to registered businesses.","version":"nanda-0.0.0-agent","provider":{"name":"NANDA Food Trucks LLC","url":"https://food-truck-vendor:8468"},"endpoints":{"static":["https://food-truck-vendor:8468"]},"capabilities":{"modalities":["text"]},"certification":{"level":"self-attested","issuer":"did:web:food-truck-vendor%3A8468","issuanceDate":"2026-06-23T23:47:06.534Z","expirationDate":"2027-06-23T23:47:06.534Z","statusListUrl":"https://food-truck-vendor:8468/status"}},"proof":{"type":"DataIntegrityProof","cryptosuite":"eddsa-jcs-2022","created":"2026-06-23T23:47:10.032Z","verificationMethod":"did:web:food-truck-vendor%3A8468#key-1","proofPurpose":"assertionMethod","proofValue":"W4QqNgJLDULbIOEHkzTRXHJWKT8IngK7WBTdqMtBu7eUmpKOvs3AX6vkR6PYGvLp9YSPq0phqvkqAgMKcEZ4Dw"}}

[23:48:02.686] [personal-rep] OUT/REPLY ← vendor-facts:8463  200  GET /facts/did:web:food-truck-vendor%3A8468
  body: {"@context":["https://www.w3.org/ns/credentials/v2"],"type":["VerifiableCredential"],"issuer":"did:web:food-truck-vendor%3A8468","validFrom":"2026-06-23T23:47:09.827Z","credentialSubject":{"@context":["https://www.w3.org/ns/did/v1"],"id":"did:web:food-truck-vendor%3A8468","agentName":"urn:agent:nanda-prototype:food-truck-vendor","label":"Food Truck Vendor","description":"Rents food trucks to registered businesses.","version":"nanda-0.0.0-agent","provider":{"name":"NANDA Food Trucks LLC","url":"https://food-truck-vendor:8468"},"endpoints":{"static":["https://food-truck-vendor:8468"]},"capabilities":{"modalities":["text"]},"certification":{"level":"self-attested","issuer":"did:web:food-truck-vendor%3A8468","issuanceDate":"2026-06-23T23:47:06.534Z","expirationDate":"2027-06-23T23:47:06.534Z","statusListUrl":"https://food-truck-vendor:8468/status"}},"proof":{"type":"DataIntegrityProof","cryptosuite":"eddsa-jcs-2022","created":"2026-06-23T23:47:10.032Z","verificationMethod":"did:web:food-truck-vendor%3A8468#key-1","proofPurpose":"assertionMethod","proofValue":"W4QqNgJLDULbIOEHkzTRXHJWKT8IngK7WBTdqMtBu7eUmpKOvs3AX6vkR6PYGvLp9YSPq0phqvkqAgMKcEZ4Dw"}}

[23:48:02.687] [personal-rep] OUT/REQ → food-truck-vendor:8468  POST /inquire
  body: {"query":"What is required to rent a food truck?","requesterDID":"did:web:personal-rep%3A8469"}

[23:48:02.721] [food-truck-vendor] IN/REQ ← personal-rep [req-3]  POST /inquire
  body: {"query":"What is required to rent a food truck?","requesterDID":"did:web:personal-rep%3A8469"}

[23:48:02.729] [personal-rep] OUT/REPLY ← food-truck-vendor:8468  200  POST /inquire
  body: {"reply":"Rental requires a valid business registration credential. We will issue a FoodTruckRental credential including the truck ID, license plate, and vehicle registration."}

[23:48:02.735] [lean-index] IN/REQ ← personal-rep [req-b]  GET /agents/did:web:gov-health-dept%3A8466

[23:48:02.738] [lean-index] IN/REPLY → personal-rep [req-b]  200  GET /agents/did:web:gov-health-dept%3A8466
  body: {"agentId":"did:web:gov-health-dept%3A8466","agentName":"urn:agent:nanda-prototype:gov-health-dept","primaryFactsUrl":"https://government-facts:8461/facts/did%3Aweb%3Agov-health-dept%253A8466","ttl":3600,"signature":"BjRNOOvn7lkuwuhEO9IBHZNTqdJkfmdAUj16_0Sb9fX4clgFhCrc3MtMY2PefHF0kY6mgjMY_Sgry6zAPugQAw"}

[23:48:02.725] [food-truck-vendor] IN/REPLY → personal-rep [req-3]  200  POST /inquire
  body: {"reply":"Rental requires a valid business registration credential. We will issue a FoodTruckRental credential including the truck ID, license plate, and vehicle registration."}

[23:48:02.732] [personal-rep] INFO  Personal rep status update
  Truck rental requires business registration. Contacting health department...

[23:48:02.732] [personal-rep] OUT/REQ → lean-index:8460  GET /agents/did:web:gov-health-dept%3A8466

[23:48:02.758] [government-facts] IN/REQ ← personal-rep [req-8]  GET /facts/did:web:gov-health-dept%3A8466

[23:48:02.763] [government-facts] IN/REPLY → personal-rep [req-8]  200  GET /facts/did:web:gov-health-dept%3A8466
  body: {"@context":["https://www.w3.org/ns/credentials/v2"],"type":["VerifiableCredential"],"issuer":"did:web:gov-health-dept%3A8466","validFrom":"2026-06-23T23:47:09.573Z","credentialSubject":{"@context":["https://www.w3.org/ns/did/v1"],"id":"did:web:gov-health-dept%3A8466","agentName":"urn:agent:nanda-prototype:gov-health-dept","label":"Government Health Department","description":"Conducts food truck health inspections and issues signed approval credentials.","version":"nanda-0.0.0-agent","provider":{"name":"City Government","url":"https://gov-health-dept:8466"},"endpoints":{"static":["https://gov-health-dept:8466"]},"capabilities":{"modalities":["text"]},"certification":{"level":"self-attested","issuer":"did:web:gov-health-dept%3A8466","issuanceDate":"2026-06-23T23:47:05.966Z","expirationDate":"2027-06-23T23:47:05.966Z","statusListUrl":"https://gov-health-dept:8466/status"}},"proof":{"type":"DataIntegrityProof","cryptosuite":"eddsa-jcs-2022","created":"2026-06-23T23:47:09.769Z","verificationMethod":"did:web:gov-health-dept%3A8466#key-1","proofPurpose":"assertionMethod","proofValue":"xBLCUwQ9DvuXTvQOU9nfA8wMrMqVyZwvqmrCWgLpG85Kskv_k7oAnNZR2F1vuFlIFTON9QqKBCTP2geOOqIWCQ"}}

[23:48:02.750] [personal-rep] OUT/REPLY ← lean-index:8460  200  GET /agents/did:web:gov-health-dept%3A8466
  body: {"agentId":"did:web:gov-health-dept%3A8466","agentName":"urn:agent:nanda-prototype:gov-health-dept","primaryFactsUrl":"https://government-facts:8461/facts/did%3Aweb%3Agov-health-dept%253A8466","ttl":3600,"signature":"BjRNOOvn7lkuwuhEO9IBHZNTqdJkfmdAUj16_0Sb9fX4clgFhCrc3MtMY2PefHF0kY6mgjMY_Sgry6zAPugQAw"}

[23:48:02.750] [personal-rep] OUT/REQ → government-facts:8461  GET /facts/did:web:gov-health-dept%3A8466

[23:48:02.777] [personal-rep] OUT/REPLY ← government-facts:8461  200  GET /facts/did:web:gov-health-dept%3A8466
  body: {"@context":["https://www.w3.org/ns/credentials/v2"],"type":["VerifiableCredential"],"issuer":"did:web:gov-health-dept%3A8466","validFrom":"2026-06-23T23:47:09.573Z","credentialSubject":{"@context":["https://www.w3.org/ns/did/v1"],"id":"did:web:gov-health-dept%3A8466","agentName":"urn:agent:nanda-prototype:gov-health-dept","label":"Government Health Department","description":"Conducts food truck health inspections and issues signed approval credentials.","version":"nanda-0.0.0-agent","provider":{"name":"City Government","url":"https://gov-health-dept:8466"},"endpoints":{"static":["https://gov-health-dept:8466"]},"capabilities":{"modalities":["text"]},"certification":{"level":"self-attested","issuer":"did:web:gov-health-dept%3A8466","issuanceDate":"2026-06-23T23:47:05.966Z","expirationDate":"2027-06-23T23:47:05.966Z","statusListUrl":"https://gov-health-dept:8466/status"}},"proof":{"type":"DataIntegrityProof","cryptosuite":"eddsa-jcs-2022","created":"2026-06-23T23:47:09.769Z","verificationMethod":"did:web:gov-health-dept%3A8466#key-1","proofPurpose":"assertionMethod","proofValue":"xBLCUwQ9DvuXTvQOU9nfA8wMrMqVyZwvqmrCWgLpG85Kskv_k7oAnNZR2F1vuFlIFTON9QqKBCTP2geOOqIWCQ"}}

[23:48:02.782] [personal-rep] OUT/REQ → gov-health-dept:8466  POST /inquire
  body: {"query":"What is required to schedule a food truck health inspection?","requesterDID":"did:web:personal-rep%3A8469"}

[23:48:02.852] [gov-health-dept] IN/REQ ← personal-rep [req-3]  POST /inquire
  body: {"query":"What is required to schedule a food truck health inspection?","requesterDID":"did:web:personal-rep%3A8469"}

[23:48:02.860] [personal-rep] OUT/REPLY ← gov-health-dept:8466  200  POST /inquire
  body: {"reply":"A health inspection requires an active food truck rental credential. Provide a FoodTruckRental credential and we will conduct and issue results same-day."}

[23:48:02.872] [gov-business-licensing] IN/REQ ← personal-rep [req-4]  POST /apply/business-registration
  body: {"applicationStatement":"Citizen represented by agent did:web:personal-rep%3A8469 requests a business registration.","requesterDID":"did:web:personal-rep%3A8469"}

[23:48:02.856] [gov-health-dept] IN/REPLY → personal-rep [req-3]  200  POST /inquire
  body: {"reply":"A health inspection requires an active food truck rental credential. Provide a FoodTruckRental credential and we will conduct and issue results same-day."}

[23:48:02.864] [personal-rep] INFO  Personal rep status update
  Research complete. Plan: (1) register business, (2) provisional license, (3) rent truck, (4) health inspection, (5) final license, (6) street vending permit. Executing...

[23:48:02.865] [personal-rep] OUT/REQ → gov-business-licensing:8465  POST /apply/business-registration
  body: {"applicationStatement":"Citizen represented by agent did:web:personal-rep%3A8469 requests a business registration.","requesterDID":"did:web:personal-rep%3A8469"}

[23:48:02.902] [gov-business-licensing] IN/REPLY → personal-rep [req-4]  200  POST /apply/business-registration
  body: {"@context":["https://www.w3.org/ns/credentials/v2"],"type":["VerifiableCredential"],"issuer":"did:web:gov-business-licensing%3A8465","validFrom":"2026-06-23T23:48:02.879Z","credentialSubject":{"type":"BusinessRegistration","status":"granted","recipientDID":"did:web:personal-rep%3A8469"},"proof":{"type":"DataIntegrityProof","cryptosuite":"eddsa-jcs-2022","created":"2026-06-23T23:48:02.901Z","verificationMethod":"did:web:gov-business-licensing%3A8465#key-1","proofPurpose":"assertionMethod","proofValue":"T8h-teiQvHjcz7LPpA7wIoMhfaXOBJDa4eHgktjk91UNPDJG6aEf8X8gCcKaK51kzlrdrK8dL1A7gKet1L4QAg"}}

[23:48:02.913] [personal-rep] OUT/REPLY ← gov-business-licensing:8465  200  POST /apply/business-registration
  body: {"@context":["https://www.w3.org/ns/credentials/v2"],"type":["VerifiableCredential"],"issuer":"did:web:gov-business-licensing%3A8465","validFrom":"2026-06-23T23:48:02.879Z","credentialSubject":{"type":"BusinessRegistration","status":"granted","recipientDID":"did:web:personal-rep%3A8469"},"proof":{"type":"DataIntegrityProof","cryptosuite":"eddsa-jcs-2022","created":"2026-06-23T23:48:02.901Z","verificationMethod":"did:web:gov-business-licensing%3A8465#key-1","proofPurpose":"assertionMethod","proofValue":"T8h-teiQvHjcz7LPpA7wIoMhfaXOBJDa4eHgktjk91UNPDJG6aEf8X8gCcKaK51kzlrdrK8dL1A7gKet1L4QAg"}}

[23:48:02.930] [gov-business-licensing] IN/REQ ← personal-rep [req-5]  POST /apply/provisional-license
  body: {"applicationStatement":"Agent did:web:personal-rep%3A8469 applies for a provisional restaurant business license.","requesterDID":"did:web:personal-rep%3A8469","businessRegistration":{"@context":["https://www.w3.org/ns/credentials/v2"],"type":["VerifiableCredential"],"issuer":"did:web:gov-business-licensing%3A8465","validFrom":"2026-06-23T23:48:02.879Z","credentialSubject":{"type":"BusinessRegistration","status":"granted","recipientDID":"did:web:personal-rep%3A8469"},"proof":{"type":"DataIntegrityProof","cryptosuite":"eddsa-jcs-2022","created":"2026-06-23T23:48:02.901Z","verificationMethod":"did:web:gov-business-licensing%3A8465#key-1","proofPurpose":"assertionMethod","proofValue":"T8h-teiQvHjcz7LPpA7wIoMhfaXOBJDa4eHgktjk91UNPDJG6aEf8X8gCcKaK51kzlrdrK8dL1A7gKet1L4QAg"}}}

[23:48:02.917] [personal-rep] INFO  Personal rep status update
  Business registration approved. Applying for provisional license and arranging truck rental...

[23:48:02.917] [personal-rep] OUT/REQ → gov-business-licensing:8465  POST /apply/provisional-license
  body: {"applicationStatement":"Agent did:web:personal-rep%3A8469 applies for a provisional restaurant business license.","requesterDID":"did:web:personal-rep%3A8469","businessRegistration":{"@context":["https://www.w3.org/ns/credentials/v2"],"type":["VerifiableCredential"],"issuer":"did:web:gov-business-licensing%3A8465","validFrom":"2026-06-23T23:48:02.879Z","credentialSubject":{"type":"BusinessRegistration","status":"granted","recipientDID":"did:web:personal-rep%3A8469"},"proof":{"type":"DataIntegrityProof","cryptosuite":"eddsa-jcs-2022","created":"2026-06-23T23:48:02.901Z","verificationMethod":"did:web:gov-business-licensing%3A8465#key-1","proofPurpose":"assertionMethod","proofValue":"T8h-teiQvHjcz7LPpA7wIoMhfaXOBJDa4eHgktjk91UNPDJG6aEf8X8gCcKaK51kzlrdrK8dL1A7gKet1L4QAg"}}}

[23:48:02.933] [gov-business-licensing] OUT/REQ → gov-business-licensing:8465  GET /.well-known/did.json

[23:48:02.957] [gov-business-licensing] IN/REQ ← gov-business-licensing [req-6]  GET /.well-known/did.json

[23:48:02.961] [gov-business-licensing] IN/REPLY → gov-business-licensing [req-6]  200  GET /.well-known/did.json
  body: {"@context":["https://www.w3.org/ns/did/v1"],"id":"did:web:gov-business-licensing%3A8465","verificationMethod":[{"id":"did:web:gov-business-licensing%3A8465#key-1","type":"Ed25519VerificationKey2020","controller":"did:web:gov-business-licensing%3A8465","publicKeyMultibase":"upkH7qYD0PbN7dJt332m400SA4DTHgFaTjhqBu0k1N5c"}],"assertionMethod":["did:web:gov-business-licensing%3A8465#key-1"]}

[23:48:02.972] [gov-business-licensing] OUT/REPLY ← gov-business-licensing:8465  200  GET /.well-known/did.json
  body: {"@context":["https://www.w3.org/ns/did/v1"],"id":"did:web:gov-business-licensing%3A8465","verificationMethod":[{"id":"did:web:gov-business-licensing%3A8465#key-1","type":"Ed25519VerificationKey2020","controller":"did:web:gov-business-licensing%3A8465","publicKeyMultibase":"upkH7qYD0PbN7dJt332m400SA4DTHgFaTjhqBu0k1N5c"}],"assertionMethod":["did:web:gov-business-licensing%3A8465#key-1"]}

[23:48:03.002] [gov-business-licensing] IN/REPLY → personal-rep [req-5]  200  POST /apply/provisional-license
  body: {"@context":["https://www.w3.org/ns/credentials/v2"],"type":["VerifiableCredential"],"issuer":"did:web:gov-business-licensing%3A8465","validFrom":"2026-06-23T23:48:02.989Z","credentialSubject":{"type":"ProvisionalRestaurantLicense","status":"granted","recipientDID":"did:web:personal-rep%3A8469"},"proof":{"type":"DataIntegrityProof","cryptosuite":"eddsa-jcs-2022","created":"2026-06-23T23:48:03.002Z","verificationMethod":"did:web:gov-business-licensing%3A8465#key-1","proofPurpose":"assertionMethod","proofValue":"4WmiS5v4U7EsefNyf4XcaPIFNe0sBP-mxgaiI_qYvQY_xQ3V-wC3LtRipUMVCxP9TuvE-TFD5g88EtifZnyjCQ"}}

[23:48:03.014] [personal-rep] OUT/REPLY ← gov-business-licensing:8465  200  POST /apply/provisional-license
  body: {"@context":["https://www.w3.org/ns/credentials/v2"],"type":["VerifiableCredential"],"issuer":"did:web:gov-business-licensing%3A8465","validFrom":"2026-06-23T23:48:02.989Z","credentialSubject":{"type":"ProvisionalRestaurantLicense","status":"granted","recipientDID":"did:web:personal-rep%3A8469"},"proof":{"type":"DataIntegrityProof","cryptosuite":"eddsa-jcs-2022","created":"2026-06-23T23:48:03.002Z","verificationMethod":"did:web:gov-business-licensing%3A8465#key-1","proofPurpose":"assertionMethod","proofValue":"4WmiS5v4U7EsefNyf4XcaPIFNe0sBP-mxgaiI_qYvQY_xQ3V-wC3LtRipUMVCxP9TuvE-TFD5g88EtifZnyjCQ"}}

[23:48:03.029] [food-truck-vendor] IN/REQ ← personal-rep [req-4]  POST /rent
  body: {"rentalRequest":"Agent did:web:personal-rep%3A8469 requests a food truck rental on behalf of their client.","requesterDID":"did:web:personal-rep%3A8469","businessRegistration":{"@context":["https://www.w3.org/ns/credentials/v2"],"type":["VerifiableCredential"],"issuer":"did:web:gov-business-licensing%3A8465","validFrom":"2026-06-23T23:48:02.879Z","credentialSubject":{"type":"BusinessRegistration","status":"granted","recipientDID":"did:web:personal-rep%3A8469"},"proof":{"type":"DataIntegrityProof","cryptosuite":"eddsa-jcs-2022","created":"2026-06-23T23:48:02.901Z","verificationMethod":"did:web:gov-business-licensing%3A8465#key-1","proofPurpose":"assertionMethod","proofValue":"T8h-teiQvHjcz7LPpA7wIoMhfaXOBJDa4eHgktjk91UNPDJG6aEf8X8gCcKaK51kzlrdrK8dL1A7gKet1L4QAg"}}}

[23:48:03.017] [personal-rep] INFO  Personal rep status update
  Provisional restaurant license granted. Renting food truck...

[23:48:03.024] [personal-rep] OUT/REQ → food-truck-vendor:8468  POST /rent
  body: {"rentalRequest":"Agent did:web:personal-rep%3A8469 requests a food truck rental on behalf of their client.","requesterDID":"did:web:personal-rep%3A8469","businessRegistration":{"@context":["https://www.w3.org/ns/credentials/v2"],"type":["VerifiableCredential"],"issuer":"did:web:gov-business-licensing%3A8465","validFrom":"2026-06-23T23:48:02.879Z","credentialSubject":{"type":"BusinessRegistration","status":"granted","recipientDID":"did:web:personal-rep%3A8469"},"proof":{"type":"DataIntegrityProof","cryptosuite":"eddsa-jcs-2022","created":"2026-06-23T23:48:02.901Z","verificationMethod":"did:web:gov-business-licensing%3A8465#key-1","proofPurpose":"assertionMethod","proofValue":"T8h-teiQvHjcz7LPpA7wIoMhfaXOBJDa4eHgktjk91UNPDJG6aEf8X8gCcKaK51kzlrdrK8dL1A7gKet1L4QAg"}}}

[23:48:03.034] [food-truck-vendor] OUT/REQ → gov-business-licensing:8465  GET /.well-known/did.json

[23:48:03.066] [gov-business-licensing] IN/REQ ← food-truck-vendor [req-7]  GET /.well-known/did.json

[23:48:03.069] [gov-business-licensing] IN/REPLY → food-truck-vendor [req-7]  200  GET /.well-known/did.json
  body: {"@context":["https://www.w3.org/ns/did/v1"],"id":"did:web:gov-business-licensing%3A8465","verificationMethod":[{"id":"did:web:gov-business-licensing%3A8465#key-1","type":"Ed25519VerificationKey2020","controller":"did:web:gov-business-licensing%3A8465","publicKeyMultibase":"upkH7qYD0PbN7dJt332m400SA4DTHgFaTjhqBu0k1N5c"}],"assertionMethod":["did:web:gov-business-licensing%3A8465#key-1"]}

[23:48:03.080] [food-truck-vendor] OUT/REPLY ← gov-business-licensing:8465  200  GET /.well-known/did.json
  body: {"@context":["https://www.w3.org/ns/did/v1"],"id":"did:web:gov-business-licensing%3A8465","verificationMethod":[{"id":"did:web:gov-business-licensing%3A8465#key-1","type":"Ed25519VerificationKey2020","controller":"did:web:gov-business-licensing%3A8465","publicKeyMultibase":"upkH7qYD0PbN7dJt332m400SA4DTHgFaTjhqBu0k1N5c"}],"assertionMethod":["did:web:gov-business-licensing%3A8465#key-1"]}

[23:48:03.102] [food-truck-vendor] IN/REPLY → personal-rep [req-4]  200  POST /rent
  body: {"@context":["https://www.w3.org/ns/credentials/v2"],"type":["VerifiableCredential"],"issuer":"did:web:food-truck-vendor%3A8468","validFrom":"2026-06-23T23:48:03.094Z","credentialSubject":{"type":"FoodTruckRental","status":"active","recipientDID":"did:web:personal-rep%3A8469","truckId":"TRUCK-001","licensePlate":"NANDA-001","vehicleRegistration":"CA-REG-2024-NANDA001"},"proof":{"type":"DataIntegrityProof","cryptosuite":"eddsa-jcs-2022","created":"2026-06-23T23:48:03.102Z","verificationMethod":"did:web:food-truck-vendor%3A8468#key-1","proofPurpose":"assertionMethod","proofValue":"E8ld8tkAWhgXRhzlDOYgXLFC_xvELbRcKw2tjCfnyGgrNlpPF11W00HTPxWp-mNAycQTKq8NV6Ywkesdsl_DCw"}}

[23:48:03.109] [personal-rep] OUT/REPLY ← food-truck-vendor:8468  200  POST /rent
  body: {"@context":["https://www.w3.org/ns/credentials/v2"],"type":["VerifiableCredential"],"issuer":"did:web:food-truck-vendor%3A8468","validFrom":"2026-06-23T23:48:03.094Z","credentialSubject":{"type":"FoodTruckRental","status":"active","recipientDID":"did:web:personal-rep%3A8469","truckId":"TRUCK-001","licensePlate":"NANDA-001","vehicleRegistration":"CA-REG-2024-NANDA001"},"proof":{"type":"DataIntegrityProof","cryptosuite":"eddsa-jcs-2022","created":"2026-06-23T23:48:03.102Z","verificationMethod":"did:web:food-truck-vendor%3A8468#key-1","proofPurpose":"assertionMethod","proofValue":"E8ld8tkAWhgXRhzlDOYgXLFC_xvELbRcKw2tjCfnyGgrNlpPF11W00HTPxWp-mNAycQTKq8NV6Ywkesdsl_DCw"}}

[23:48:03.122] [gov-health-dept] IN/REQ ← personal-rep [req-4]  POST /schedule-inspection
  body: {"inspectionRequest":"Agent did:web:personal-rep%3A8469 requests a health inspection for truck TRUCK-001.","requesterDID":"did:web:personal-rep%3A8469","foodTruckRental":{"@context":["https://www.w3.org/ns/credentials/v2"],"type":["VerifiableCredential"],"issuer":"did:web:food-truck-vendor%3A8468","validFrom":"2026-06-23T23:48:03.094Z","credentialSubject":{"type":"FoodTruckRental","status":"active","recipientDID":"did:web:personal-rep%3A8469","truckId":"TRUCK-001","licensePlate":"NANDA-001","vehicleRegistration":"CA-REG-2024-NANDA001"},"proof":{"type":"DataIntegrityProof","cryptosuite":"eddsa-jcs-2022","created":"2026-06-23T23:48:03.102Z","verificationMethod":"did:web:food-truck-vendor%3A8468#key-1","proofPurpose":"assertionMethod","proofValue":"E8ld8tkAWhgXRhzlDOYgXLFC_xvELbRcKw2tjCfnyGgrNlpPF11W00HTPxWp-mNAycQTKq8NV6Ywkesdsl_DCw"}}}

[23:48:03.113] [personal-rep] INFO  Personal rep status update
  Food truck TRUCK-001 (plate: NANDA-001) rented. Scheduling health inspection...

[23:48:03.113] [personal-rep] OUT/REQ → gov-health-dept:8466  POST /schedule-inspection
  body: {"inspectionRequest":"Agent did:web:personal-rep%3A8469 requests a health inspection for truck TRUCK-001.","requesterDID":"did:web:personal-rep%3A8469","foodTruckRental":{"@context":["https://www.w3.org/ns/credentials/v2"],"type":["VerifiableCredential"],"issuer":"did:web:food-truck-vendor%3A8468","validFrom":"2026-06-23T23:48:03.094Z","credentialSubject":{"type":"FoodTruckRental","status":"active","recipientDID":"did:web:personal-rep%3A8469","truckId":"TRUCK-001","licensePlate":"NANDA-001","vehicleRegistration":"CA-REG-2024-NANDA001"},"proof":{"type":"DataIntegrityProof","cryptosuite":"eddsa-jcs-2022","created":"2026-06-23T23:48:03.102Z","verificationMethod":"did:web:food-truck-vendor%3A8468#key-1","proofPurpose":"assertionMethod","proofValue":"E8ld8tkAWhgXRhzlDOYgXLFC_xvELbRcKw2tjCfnyGgrNlpPF11W00HTPxWp-mNAycQTKq8NV6Ywkesdsl_DCw"}}}

[23:48:03.126] [gov-health-dept] OUT/REQ → food-truck-vendor:8468  GET /.well-known/did.json

[23:48:03.163] [food-truck-vendor] IN/REQ ← gov-health-dept [req-5]  GET /.well-known/did.json

[23:48:03.166] [food-truck-vendor] IN/REPLY → gov-health-dept [req-5]  200  GET /.well-known/did.json
  body: {"@context":["https://www.w3.org/ns/did/v1"],"id":"did:web:food-truck-vendor%3A8468","verificationMethod":[{"id":"did:web:food-truck-vendor%3A8468#key-1","type":"Ed25519VerificationKey2020","controller":"did:web:food-truck-vendor%3A8468","publicKeyMultibase":"ug7Zd8i1eadha2Rq5ebuiK3ZBgscIt1NbkZK0-H9p1tw"}],"assertionMethod":["did:web:food-truck-vendor%3A8468#key-1"]}

[23:48:03.175] [gov-health-dept] OUT/REPLY ← food-truck-vendor:8468  200  GET /.well-known/did.json
  body: {"@context":["https://www.w3.org/ns/did/v1"],"id":"did:web:food-truck-vendor%3A8468","verificationMethod":[{"id":"did:web:food-truck-vendor%3A8468#key-1","type":"Ed25519VerificationKey2020","controller":"did:web:food-truck-vendor%3A8468","publicKeyMultibase":"ug7Zd8i1eadha2Rq5ebuiK3ZBgscIt1NbkZK0-H9p1tw"}],"assertionMethod":["did:web:food-truck-vendor%3A8468#key-1"]}

[23:48:03.196] [gov-health-dept] IN/REPLY → personal-rep [req-4]  200  POST /schedule-inspection
  body: {"@context":["https://www.w3.org/ns/credentials/v2"],"type":["VerifiableCredential"],"issuer":"did:web:gov-health-dept%3A8466","validFrom":"2026-06-23T23:48:03.189Z","credentialSubject":{"type":"HealthInspectionApproval","status":"passed","recipientDID":"did:web:personal-rep%3A8469","truckId":"TRUCK-001"},"proof":{"type":"DataIntegrityProof","cryptosuite":"eddsa-jcs-2022","created":"2026-06-23T23:48:03.196Z","verificationMethod":"did:web:gov-health-dept%3A8466#key-1","proofPurpose":"assertionMethod","proofValue":"rQzLosu8y9OEXl2zrFZr20ZTzwc2A_oVTcDyjFGmPjhBJBCfELJqLEMA2-IpiX5EF0TPHJ4226mEYR1z_WSPAQ"}}

[23:48:03.204] [personal-rep] OUT/REPLY ← gov-health-dept:8466  200  POST /schedule-inspection
  body: {"@context":["https://www.w3.org/ns/credentials/v2"],"type":["VerifiableCredential"],"issuer":"did:web:gov-health-dept%3A8466","validFrom":"2026-06-23T23:48:03.189Z","credentialSubject":{"type":"HealthInspectionApproval","status":"passed","recipientDID":"did:web:personal-rep%3A8469","truckId":"TRUCK-001"},"proof":{"type":"DataIntegrityProof","cryptosuite":"eddsa-jcs-2022","created":"2026-06-23T23:48:03.196Z","verificationMethod":"did:web:gov-health-dept%3A8466#key-1","proofPurpose":"assertionMethod","proofValue":"rQzLosu8y9OEXl2zrFZr20ZTzwc2A_oVTcDyjFGmPjhBJBCfELJqLEMA2-IpiX5EF0TPHJ4226mEYR1z_WSPAQ"}}

[23:48:03.212] [gov-business-licensing] IN/REQ ← personal-rep [req-8]  POST /apply/final-license
  body: {"applicationStatement":"Agent did:web:personal-rep%3A8469 applies for a final restaurant business license.","requesterDID":"did:web:personal-rep%3A8469","provisionalLicense":{"@context":["https://www.w3.org/ns/credentials/v2"],"type":["VerifiableCredential"],"issuer":"did:web:gov-business-licensing%3A8465","validFrom":"2026-06-23T23:48:02.989Z","credentialSubject":{"type":"ProvisionalRestaurantLicense","status":"granted","recipientDID":"did:web:personal-rep%3A8469"},"proof":{"type":"DataIntegrityProof","cryptosuite":"eddsa-jcs-2022","created":"2026-06-23T23:48:03.002Z","verificationMethod":"did:web:gov-business-licensing%3A8465#key-1","proofPurpose":"assertionMethod","proofValue":"4WmiS5v4U7EsefNyf4XcaPIFNe0sBP-mxgaiI_qYvQY_xQ3V-wC3LtRipUMVCxP9TuvE-TFD5g88EtifZnyjCQ"}},"healthInspection":{"@context":["https://www.w3.org/ns/credentials/v2"],"type":["VerifiableCredential"],"issuer":"did:web:gov-health-dept%3A8466","validFrom":"2026-06-23T23:48:03.189Z","credentialSubject":{"type":"HealthInspectionApproval","status":"passed","recipientDID":"did:web:personal-rep%3A8469","truckId":"TRUCK-001"},"proof":{"type":"DataIntegrityProof","cryptosuite":"eddsa-jcs-2022","created":"2026-06-23T23:48:03.196Z","verificationMethod":"did:web:gov-health-dept%3A8466#key-1","proofPurpose":"assertionMethod","proofValue":"rQzLosu8y9OEXl2zrFZr20ZTzwc2A_oVTcDyjFGmPjhBJBCfELJqLEMA2-IpiX5EF0TPHJ4226mEYR1z_WSPAQ"}}}

[23:48:03.208] [personal-rep] INFO  Personal rep status update
  Health inspection passed for TRUCK-001. Applying for final restaurant business license...

[23:48:03.208] [personal-rep] OUT/REQ → gov-business-licensing:8465  POST /apply/final-license
  body: {"applicationStatement":"Agent did:web:personal-rep%3A8469 applies for a final restaurant business license.","requesterDID":"did:web:personal-rep%3A8469","provisionalLicense":{"@context":["https://www.w3.org/ns/credentials/v2"],"type":["VerifiableCredential"],"issuer":"did:web:gov-business-licensing%3A8465","validFrom":"2026-06-23T23:48:02.989Z","credentialSubject":{"type":"ProvisionalRestaurantLicense","status":"granted","recipientDID":"did:web:personal-rep%3A8469"},"proof":{"type":"DataIntegrityProof","cryptosuite":"eddsa-jcs-2022","created":"2026-06-23T23:48:03.002Z","verificationMethod":"did:web:gov-business-licensing%3A8465#key-1","proofPurpose":"assertionMethod","proofValue":"4WmiS5v4U7EsefNyf4XcaPIFNe0sBP-mxgaiI_qYvQY_xQ3V-wC3LtRipUMVCxP9TuvE-TFD5g88EtifZnyjCQ"}},"healthInspection":{"@context":["https://www.w3.org/ns/credentials/v2"],"type":["VerifiableCredential"],"issuer":"did:web:gov-health-dept%3A8466","validFrom":"2026-06-23T23:48:03.189Z","credentialSubject":{"type":"HealthInspectionApproval","status":"passed","recipientDID":"did:web:personal-rep%3A8469","truckId":"TRUCK-001"},"proof":{"type":"DataIntegrityProof","cryptosuite":"eddsa-jcs-2022","created":"2026-06-23T23:48:03.196Z","verificationMethod":"did:web:gov-health-dept%3A8466#key-1","proofPurpose":"assertionMethod","proofValue":"rQzLosu8y9OEXl2zrFZr20ZTzwc2A_oVTcDyjFGmPjhBJBCfELJqLEMA2-IpiX5EF0TPHJ4226mEYR1z_WSPAQ"}}}

[23:48:03.217] [gov-business-licensing] OUT/REQ → gov-business-licensing:8465  GET /.well-known/did.json

[23:48:03.228] [gov-business-licensing] IN/REQ ← gov-business-licensing [req-9]  GET /.well-known/did.json

[23:48:03.228] [gov-business-licensing] IN/REPLY → gov-business-licensing [req-9]  200  GET /.well-known/did.json
  body: {"@context":["https://www.w3.org/ns/did/v1"],"id":"did:web:gov-business-licensing%3A8465","verificationMethod":[{"id":"did:web:gov-business-licensing%3A8465#key-1","type":"Ed25519VerificationKey2020","controller":"did:web:gov-business-licensing%3A8465","publicKeyMultibase":"upkH7qYD0PbN7dJt332m400SA4DTHgFaTjhqBu0k1N5c"}],"assertionMethod":["did:web:gov-business-licensing%3A8465#key-1"]}

[23:48:03.237] [gov-business-licensing] OUT/REPLY ← gov-business-licensing:8465  200  GET /.well-known/did.json
  body: {"@context":["https://www.w3.org/ns/did/v1"],"id":"did:web:gov-business-licensing%3A8465","verificationMethod":[{"id":"did:web:gov-business-licensing%3A8465#key-1","type":"Ed25519VerificationKey2020","controller":"did:web:gov-business-licensing%3A8465","publicKeyMultibase":"upkH7qYD0PbN7dJt332m400SA4DTHgFaTjhqBu0k1N5c"}],"assertionMethod":["did:web:gov-business-licensing%3A8465#key-1"]}

[23:48:03.256] [gov-business-licensing] OUT/REQ → gov-health-dept:8466  GET /.well-known/did.json

[23:48:03.279] [gov-health-dept] IN/REQ ← gov-business-licensing [req-5]  GET /.well-known/did.json

[23:48:03.281] [gov-health-dept] IN/REPLY → gov-business-licensing [req-5]  200  GET /.well-known/did.json
  body: {"@context":["https://www.w3.org/ns/did/v1"],"id":"did:web:gov-health-dept%3A8466","verificationMethod":[{"id":"did:web:gov-health-dept%3A8466#key-1","type":"Ed25519VerificationKey2020","controller":"did:web:gov-health-dept%3A8466","publicKeyMultibase":"u73WjgOr-WUZ0U1rsDTmWUfsuHD_cHdr5bDZkeWJlYfU"}],"assertionMethod":["did:web:gov-health-dept%3A8466#key-1"]}

[23:48:03.290] [gov-business-licensing] OUT/REPLY ← gov-health-dept:8466  200  GET /.well-known/did.json
  body: {"@context":["https://www.w3.org/ns/did/v1"],"id":"did:web:gov-health-dept%3A8466","verificationMethod":[{"id":"did:web:gov-health-dept%3A8466#key-1","type":"Ed25519VerificationKey2020","controller":"did:web:gov-health-dept%3A8466","publicKeyMultibase":"u73WjgOr-WUZ0U1rsDTmWUfsuHD_cHdr5bDZkeWJlYfU"}],"assertionMethod":["did:web:gov-health-dept%3A8466#key-1"]}

[23:48:03.308] [gov-business-licensing] IN/REPLY → personal-rep [req-8]  200  POST /apply/final-license
  body: {"@context":["https://www.w3.org/ns/credentials/v2"],"type":["VerifiableCredential"],"issuer":"did:web:gov-business-licensing%3A8465","validFrom":"2026-06-23T23:48:03.304Z","credentialSubject":{"type":"FinalRestaurantLicense","status":"granted","recipientDID":"did:web:personal-rep%3A8469"},"proof":{"type":"DataIntegrityProof","cryptosuite":"eddsa-jcs-2022","created":"2026-06-23T23:48:03.308Z","verificationMethod":"did:web:gov-business-licensing%3A8465#key-1","proofPurpose":"assertionMethod","proofValue":"ZfviJuEfceG6UVPDrshIndLh70Q3_tsmiMdgR-672QTzxB8k2FmiUCeAL1EaOYE975VVi4pJDgFVLYGGk-VXBA"}}

[23:48:03.317] [personal-rep] OUT/REPLY ← gov-business-licensing:8465  200  POST /apply/final-license
  body: {"@context":["https://www.w3.org/ns/credentials/v2"],"type":["VerifiableCredential"],"issuer":"did:web:gov-business-licensing%3A8465","validFrom":"2026-06-23T23:48:03.304Z","credentialSubject":{"type":"FinalRestaurantLicense","status":"granted","recipientDID":"did:web:personal-rep%3A8469"},"proof":{"type":"DataIntegrityProof","cryptosuite":"eddsa-jcs-2022","created":"2026-06-23T23:48:03.308Z","verificationMethod":"did:web:gov-business-licensing%3A8465#key-1","proofPurpose":"assertionMethod","proofValue":"ZfviJuEfceG6UVPDrshIndLh70Q3_tsmiMdgR-672QTzxB8k2FmiUCeAL1EaOYE975VVi4pJDgFVLYGGk-VXBA"}}

[23:48:03.327] [gov-parking-dept] IN/REQ ← personal-rep [req-4]  POST /apply/street-vending-permit
  body: {"applicationStatement":"Agent did:web:personal-rep%3A8469 applies for a street vending permit for truck TRUCK-001.","requesterDID":"did:web:personal-rep%3A8469","finalLicense":{"@context":["https://www.w3.org/ns/credentials/v2"],"type":["VerifiableCredential"],"issuer":"did:web:gov-business-licensing%3A8465","validFrom":"2026-06-23T23:48:03.304Z","credentialSubject":{"type":"FinalRestaurantLicense","status":"granted","recipientDID":"did:web:personal-rep%3A8469"},"proof":{"type":"DataIntegrityProof","cryptosuite":"eddsa-jcs-2022","created":"2026-06-23T23:48:03.308Z","verificationMethod":"did:web:gov-business-licensing%3A8465#key-1","proofPurpose":"assertionMethod","proofValue":"ZfviJuEfceG6UVPDrshIndLh70Q3_tsmiMdgR-672QTzxB8k2FmiUCeAL1EaOYE975VVi4pJDgFVLYGGk-VXBA"}},"foodTruckRental":{"@context":["https://www.w3.org/ns/credentials/v2"],"type":["VerifiableCredential"],"issuer":"did:web:food-truck-vendor%3A8468","validFrom":"2026-06-23T23:48:03.094Z","credentialSubject":{"type":"FoodTruckRental","status":"active","recipientDID":"did:web:personal-rep%3A8469","truckId":"TRUCK-001","licensePlate":"NANDA-001","vehicleRegistration":"CA-REG-2024-NANDA001"},"proof":{"type":"DataIntegrityProof","cryptosuite":"eddsa-jcs-2022","created":"2026-06-23T23:48:03.102Z","verificationMethod":"did:web:food-truck-vendor%3A8468#key-1","proofPurpose":"assertionMethod","proofValue":"E8ld8tkAWhgXRhzlDOYgXLFC_xvELbRcKw2tjCfnyGgrNlpPF11W00HTPxWp-mNAycQTKq8NV6Ywkesdsl_DCw"}}}

[23:48:03.320] [personal-rep] INFO  Personal rep status update
  Final restaurant business license granted. Applying for street vending permit...

[23:48:03.321] [personal-rep] OUT/REQ → gov-parking-dept:8467  POST /apply/street-vending-permit
  body: {"applicationStatement":"Agent did:web:personal-rep%3A8469 applies for a street vending permit for truck TRUCK-001.","requesterDID":"did:web:personal-rep%3A8469","finalLicense":{"@context":["https://www.w3.org/ns/credentials/v2"],"type":["VerifiableCredential"],"issuer":"did:web:gov-business-licensing%3A8465","validFrom":"2026-06-23T23:48:03.304Z","credentialSubject":{"type":"FinalRestaurantLicense","status":"granted","recipientDID":"did:web:personal-rep%3A8469"},"proof":{"type":"DataIntegrityProof","cryptosuite":"eddsa-jcs-2022","created":"2026-06-23T23:48:03.308Z","verificationMethod":"did:web:gov-business-licensing%3A8465#key-1","proofPurpose":"assertionMethod","proofValue":"ZfviJuEfceG6UVPDrshIndLh70Q3_tsmiMdgR-672QTzxB8k2FmiUCeAL1EaOYE975VVi4pJDgFVLYGGk-VXBA"}},"foodTruckRental":{"@context":["https://www.w3.org/ns/credentials/v2"],"type":["VerifiableCredential"],"issuer":"did:web:food-truck-vendor%3A8468","validFrom":"2026-06-23T23:48:03.094Z","credentialSubject":{"type":"FoodTruckRental","status":"active","recipientDID":"did:web:personal-rep%3A8469","truckId":"TRUCK-001","licensePlate":"NANDA-001","vehicleRegistration":"CA-REG-2024-NANDA001"},"proof":{"type":"DataIntegrityProof","cryptosuite":"eddsa-jcs-2022","created":"2026-06-23T23:48:03.102Z","verificationMethod":"did:web:food-truck-vendor%3A8468#key-1","proofPurpose":"assertionMethod","proofValue":"E8ld8tkAWhgXRhzlDOYgXLFC_xvELbRcKw2tjCfnyGgrNlpPF11W00HTPxWp-mNAycQTKq8NV6Ywkesdsl_DCw"}}}

[23:48:03.334] [gov-parking-dept] OUT/REQ → gov-business-licensing:8465  GET /.well-known/did.json

[23:48:03.374] [gov-business-licensing] IN/REQ ← gov-parking-dept [req-a]  GET /.well-known/did.json

[23:48:03.376] [gov-business-licensing] IN/REPLY → gov-parking-dept [req-a]  200  GET /.well-known/did.json
  body: {"@context":["https://www.w3.org/ns/did/v1"],"id":"did:web:gov-business-licensing%3A8465","verificationMethod":[{"id":"did:web:gov-business-licensing%3A8465#key-1","type":"Ed25519VerificationKey2020","controller":"did:web:gov-business-licensing%3A8465","publicKeyMultibase":"upkH7qYD0PbN7dJt332m400SA4DTHgFaTjhqBu0k1N5c"}],"assertionMethod":["did:web:gov-business-licensing%3A8465#key-1"]}

[23:48:03.387] [gov-parking-dept] OUT/REPLY ← gov-business-licensing:8465  200  GET /.well-known/did.json
  body: {"@context":["https://www.w3.org/ns/did/v1"],"id":"did:web:gov-business-licensing%3A8465","verificationMethod":[{"id":"did:web:gov-business-licensing%3A8465#key-1","type":"Ed25519VerificationKey2020","controller":"did:web:gov-business-licensing%3A8465","publicKeyMultibase":"upkH7qYD0PbN7dJt332m400SA4DTHgFaTjhqBu0k1N5c"}],"assertionMethod":["did:web:gov-business-licensing%3A8465#key-1"]}

[23:48:03.401] [gov-parking-dept] OUT/REQ → food-truck-vendor:8468  GET /.well-known/did.json

[23:48:03.426] [food-truck-vendor] IN/REQ ← gov-parking-dept [req-6]  GET /.well-known/did.json

[23:48:03.431] [food-truck-vendor] IN/REPLY → gov-parking-dept [req-6]  200  GET /.well-known/did.json
  body: {"@context":["https://www.w3.org/ns/did/v1"],"id":"did:web:food-truck-vendor%3A8468","verificationMethod":[{"id":"did:web:food-truck-vendor%3A8468#key-1","type":"Ed25519VerificationKey2020","controller":"did:web:food-truck-vendor%3A8468","publicKeyMultibase":"ug7Zd8i1eadha2Rq5ebuiK3ZBgscIt1NbkZK0-H9p1tw"}],"assertionMethod":["did:web:food-truck-vendor%3A8468#key-1"]}

[23:48:03.440] [gov-parking-dept] OUT/REPLY ← food-truck-vendor:8468  200  GET /.well-known/did.json
  body: {"@context":["https://www.w3.org/ns/did/v1"],"id":"did:web:food-truck-vendor%3A8468","verificationMethod":[{"id":"did:web:food-truck-vendor%3A8468#key-1","type":"Ed25519VerificationKey2020","controller":"did:web:food-truck-vendor%3A8468","publicKeyMultibase":"ug7Zd8i1eadha2Rq5ebuiK3ZBgscIt1NbkZK0-H9p1tw"}],"assertionMethod":["did:web:food-truck-vendor%3A8468#key-1"]}

[23:48:03.465] [gov-parking-dept] IN/REPLY → personal-rep [req-4]  200  POST /apply/street-vending-permit
  body: {"@context":["https://www.w3.org/ns/credentials/v2"],"type":["VerifiableCredential"],"issuer":"did:web:gov-parking-dept%3A8467","validFrom":"2026-06-23T23:48:03.452Z","credentialSubject":{"type":"StreetVendingPermit","status":"granted","recipientDID":"did:web:personal-rep%3A8469","truckId":"TRUCK-001","licensePlate":"NANDA-001"},"proof":{"type":"DataIntegrityProof","cryptosuite":"eddsa-jcs-2022","created":"2026-06-23T23:48:03.465Z","verificationMethod":"did:web:gov-parking-dept%3A8467#key-1","proofPurpose":"assertionMethod","proofValue":"N5wFmcztLIVcPe-XlsgEqyAKzIZHmdUIs2piRB-ZrTPEvZmlAQnAeLbT6-b9irkEHEP7rDAL1PVMp8I5ulQpBA"}}

[23:48:03.472] [personal-rep] OUT/REPLY ← gov-parking-dept:8467  200  POST /apply/street-vending-permit
  body: {"@context":["https://www.w3.org/ns/credentials/v2"],"type":["VerifiableCredential"],"issuer":"did:web:gov-parking-dept%3A8467","validFrom":"2026-06-23T23:48:03.452Z","credentialSubject":{"type":"StreetVendingPermit","status":"granted","recipientDID":"did:web:personal-rep%3A8469","truckId":"TRUCK-001","licensePlate":"NANDA-001"},"proof":{"type":"DataIntegrityProof","cryptosuite":"eddsa-jcs-2022","created":"2026-06-23T23:48:03.465Z","verificationMethod":"did:web:gov-parking-dept%3A8467#key-1","proofPurpose":"assertionMethod","proofValue":"N5wFmcztLIVcPe-XlsgEqyAKzIZHmdUIs2piRB-ZrTPEvZmlAQnAeLbT6-b9irkEHEP7rDAL1PVMp8I5ulQpBA"}}

[23:48:03.472] [personal-rep] INFO  Personal rep status update
  All tasks complete! Food truck business is fully authorized. Credentials: business registration, provisional and final restaurant licenses, food truck rental (TRUCK-001, plate: NANDA-001), health inspection approval, and street vending permit. Ready to operate.

[23:48:04.651] [personal-rep] IN/REQ ← 172.18.0.1 [req-4]  GET /task-status

[23:48:04.652] [personal-rep] IN/REPLY → 172.18.0.1 [req-4]  200  GET /task-status
  body: {"statusUpdate":"All tasks complete! Food truck business is fully authorized. Credentials: business registration, provisional and final restaurant licenses, food truck rental (TRUCK-001, plate: NANDA-001), health inspection approval, and street vending permit. Ready to operate.","completedGoals":["research-requirements","business-registration","provisional-license","food-truck-rental","health-inspection","final-license","street-vending-permit"],"pendingGoals":[],"isComplete":true,"isFailed":false}

